Diagnosis Code,Diagnosis_Description,"Last Change Date"
001,CHOLERA,20071008
002,TYPHOID/PARATYPHOID FEV,20071008
003,OTH SALMONELLA INFECTION,20071008
0032,LOCAL SALMONELLA INFECT,20071008
004,SHIGELLOSIS,20071008
005,OTHER FOOD POISONING,20071008
0058,BACT FOOD POISONING NEC,20071008
006,AMEBIASIS,20071008
007,OTH PROTOZOAL INTEST DIS,20071008
008,INTESTINAL INFECTION NEC,20071008
0080,E. COLI ENTERITIS,20071008
0084,BACTERIAL ENTERITIS NEC,20071008
0086,VIRAL ENTERITIS NEC,20071008
009,ILL-DEFINED INTEST INF,20071008
010,PRIMARY TB INFECTION,20071008
0100,PRIMARY TB COMPLEX,20071008
0101,PRIMARY TB PLEURISY,20071008
0108,PRIM PROGRESSIVE TB NEC,20071008
0109,PRIMARY TB INFECTION NOS,20071008
011,PULMONARY TUBERCULOSIS,20071008
0110,"TB OF LUNG, INFILTRATIVE",20071008
0111,"TB OF LUNG, NODULAR",20071008
0112,TB OF LUNG W CAVITATION,20071008
0113,TUBERCULOSIS OF BRONCHUS,20071008
0114,TB FIBROSIS OF LUNG,20071008
0115,TB BRONCHIECTASIS,20071008
0116,TUBERCULOUS PNEUMONIA,20071008
0117,TUBERCULOUS PNEUMOTHORAX,20071008
0118,PULMONARY TB NEC,20071008
0119,PULMONARY TB NOS,20071008
012,OTHER RESPIRATORY TB,20071008
0120,TUBERCULOUS PLEURISY,20071008
0121,TB THORACIC LYMPH NODES,20071008
0122,ISOLATED TRACH/BRONCH TB,20071008
0123,TUBERCULOUS LARYNGITIS,20071008
0128,RESPIRATORY TB NEC,20071008
013,CNS TUBERCULOSIS,20071008
0130,TUBERCULOUS MENINGITIS,20071008
0131,TUBERCULOMA OF MENINGES,20071008
0132,TUBERCULOMA OF BRAIN,20071008
0133,TB ABSCESS OF BRAIN,20071008
0134,TUBERCULOMA SPINAL CORD,20071008
Diagnosis Code,Diagnosis_Description,"Last Change Date"
0136,TB ENCEPHALITIS/MYELITIS,20071008
0138,CNS TUBERCULOSIS NEC,20071008
0139,CNS TUBERCULOSIS NOS,20071008
014,INTESTINAL TB,20071008
0140,TUBERCULOUS PERITONITIS,20071008
0148,INTESTINAL TB NEC,20071008
015,TB OF BONE AND JOINT,20071008
0150,TB OF VERTEBRAL COLUMN,20071008
0151,TB OF HIP,20071008
0152,TB OF KNEE,20071008
0155,TB OF LIMB BONES,20071008
0156,TB OF MASTOID,20071008
0157,TB OF BONE NEC,20071008
0158,TB OF JOINT NEC,20071008
0159,TB OF BONE & JOINT NOS,20071008
016,GENITOURINARY TB,20071008
0160,TB OF KIDNEY,20071008
0161,TB OF BLADDER,20071008
0162,TB OF URETER,20071008
0163,TB OF URINARY ORGAN NEC,20071008
0164,TB OF EPIDIDYMIS,20071008
0165,TB MALE GENITAL ORG NEC,20071008
0166,TB OF OVARY AND TUBE,20071008
0167,TB FEMALE GENIT ORG NEC,20071008
0169,GENITOURINARY TB NOS,20071008
017,TUBERCULOSIS OF OTHER ORGANS,20071008
0170,TB SKIN & SUBCUTANEOUS,20071008
0171,ERYTHEMA NODOSUM IN TB,20071008
0172,TB OF PERIPH LYMPH NODE,20071008
0173,TB OF EYE,20071008
0174,TB OF EAR,20071008
0175,TB OF THYROID GLAND,20071008
0176,TB OF ADRENAL GLAND,20071008
0177,TB OF SPLEEN,20071008
0178,TB OF ESOPHAGUS,20071008
0179,TB OF ORGAN NEC,20071008
018,MILIARY TUBERCULOSIS,20071008
0180,ACUTE MILIARY TB,20071008
0188,MILIARY TB NEC,20071008
0189,MILIARY TUBERCULOSIS NOS,20071008
020,PLAGUE,20071008
021,TULAREMIA,20071008
022,ANTHRAX,20071008
Diagnosis Code,Diagnosis_Description,"Last Change Date"
026,RAT-BITE FEVER,20071008
027,OTHER BACTERIAL ZOONOSES,20071008
030,LEPROSY,20071008
031,OTHER MYCOBACTERIAL DIS,20071008
032,DIPHTHERIA,20071008
0328,OTHER DIPHTHERIA,20071008
033,WHOOPING COUGH,20071008
034,STREP THROAT/SCARLET FEV,20071008
036,MENINGOCOCCAL INFECTION,20071008
0364,MENINGOCOCCAL CARDITIS,20071008
0368,OTHER MENINGOCOCCAL INF,20071008
038,SEPTICEMIA,20071008
0381,STAPHYLOCOCC SEPTICEMIA,20071008
0384,GRAM-NEG SEPTICEMIA NEC,20071008
039,ACTINOMYCOTIC INFECTIONS,20071008
040,OTHER BACTERIAL DISEASES,20071008
0408,BACTERIAL DISEASES NEC,20071008
041,BACT INF IN OTH DIS/NOS,20071008
0410,STREPTOCOCCUS INFECT NOS,20071008
0411,STAPH INFECTION NOS,20071008
0418,BACTERIAL INFECTION NEC,20071008
0419,BACTERIAL INFECTION NOS,20071008
0421,HIV CAUSING OTHER INFECT,20071008
0422,HIV WITH MALIGN NEOPLASM,20071008
0429,UNSPECIFIED AIDS,20071008
043,HIV CAUSING CONDIT'N NEC,20071008
0430,HIV LYMPHADENOPATHY,20071008
0431,HIV CAUSING CNS DISEASE,20071008
0432,HIV-CAUSED IMMUN DISEASE,20071008
0433,HIV CAUSING DISEASE NEC,20071008
0439,AIDS RELATED COMPLEX NOS,20071008
044,OTHER HIV INFECTION,20071008
0440,HIV WITH ACUTE INFECTION,20071008
0449,HIV INFECTION NOS,20071008
045,ACUTE POLIOMYELITIS,20071008
0450,ACUTE BULBAR POLIO,20071008
0451,AC PARALYTIC POLIO NEC,20071008
0452,ACUTE NONPARALYTIC POLIO,20071008
0459,ACUTE POLIOMYELITIS NOS,20071008
046,CNS SLOW VIRUS INFECTION,20071008
047,ENTEROVIRAL MENINGITIS,20071008
049,OTH NONARTHROPOD CNS VIR,20071008
050,SMALLPOX,20071008
Diagnosis Code,Diagnosis_Description,"Last Change Date"
052,CHICKENPOX,20071008
053,HERPES ZOSTER,20071008
0531,OTH H ZOSTER NERV SYST,20071008
0532,HERPES ZOSTER OF EYE,20071008
0537,OTH COMPLICATED H ZOSTER,20071008
054,HERPES SIMPLEX,20071008
0541,GENITAL HERPES,20071008
0544,HERPES SIMPLEX OF EYE,20071008
0547,OTH COMPLICAT H SIMPLEX,20071008
055,MEASLES,20071008
0551,POSTMEASLES PNEUMONIA,20071008
0557,OTH MEASLES COMPLICATION,20071008
056,RUBELLA,20071008
0560,RUBELLA W NERVE COMPL,20071008
0567,OTH RUBELLA COMPLICATION,20071008
057,OTHER VIRAL EXANTHEMATA,20071008
060,YELLOW FEVER,20071008
062,MOSQUIT-BORNE VIR ENCEPH,20071008
063,TICK-BORNE VIRAL ENCEPH,20071008
065,ARTHROPOD HEMORRHAG FEV,20071008
0650,CRIMEAN HEMORRHAGIC FEV,20071008
066,OTHER ARTHROPOD VIRUS,20071008
0664,WEST NILE FEVER,20071008
070,VIRAL HEPATITIS,20071008
0702,VIRAL HEPATITIS B W HEPATIC COMA,20071016
0703,VIRAL HEPATITIS B W/OUT HEPATITIC COMA,20071016
0704,VIRAL HEPAT NEC W COMA,20071016
0705,VIRAL HEPAT NEC W/O COMA,20071016
072,MUMPS,20071008
0727,OTH MUMPS COMPLICATIONS,20071016
073,ORNITHOSIS,20071008
074,COXSACKIE VIRAL DISEASE,20071008
0742,COXSACKIE CARDITIS,20071016
076,TRACHOMA,20071008
077,OTHER VIRAL AND CHLAMYDIAL CONJUNCTIVITIS,20071008
0779,UNSPEC VIRAL AND CHLAMYDIAL CONJUNCTIVITIS,20071016
078,OTHER VIRAL AND CHLAMYDIAL DISEASES,20071008
0781,VIRAL WARTS,20071016
0788,OTHER SPECIFIED DISEASES DUE TO VIRUSES AND CHLAMYDIAE,20071016
079,VIRAL AND CHLAMYDIAL INF IN OTH DIS/NOS,20071008
0795,RETROVIRUS,20071016
0798,VIRAL/CHLAMYD INFECT NEC,20071016
Diagnosis Code,Diagnosis_Description,"Last Change Date"
081,OTHER TYPHUS,20071008
082,TICK-BORNE RICKETTSIOSES,20071008
0824,EHRLICHIOSIS,20071022
083,OTHER RICKETTSIOSES,20071008
084,MALARIA,20071008
085,LEISHMANIASIS,20071008
086,TRYPANOSOMIASIS,20071008
087,RELAPSING FEVER,20071008
088,OTH ARTHROPOD-BORNE DIS,20071008
0888,ARTHROPOD-BORNE DIS NEC,20071022
090,CONGENITAL SYPHILIS,20071008
091,EARLY SYMPTOMATIC SYPHIL,20071008
0915,SYPHILITIC UVEITIS,20071022
0916,SECOND SYPH VISCERA/BONE,20071022
0918,OTH SECONDARY SYPHILIS,20071022
092,EARLY SYPHILIS LATENT,20071008
093,CARDIOVASCULAR SYPHILIS,20071008
0930,"AORTIC ANEURYSM, SYPHIL",20071022
0932,SYPHILITIC ENDOCARDITIS,20071022
0938,CARDIOVASCULAR SYPH NEC,20071022
094,NEUROSYPHILIS,20071008
0948,OTHER NEUROSYPHILIS,20071022
095,OTH LATE SYMPT SYPHILIS,20071008
097,OTH & UNSPEC SYPHILIS,20071008
098,GONOCOCCAL INFECTIONS,20071008
0981,ACUTE GC INFECT UPPER GU,20071022
0982,CHR GC INFECT LOWER GU,20071022
0983,CHR GC INFECT UPPER GU,20071022
0984,GONOCOCCAL INFECTION EYE,20071022
0985,GONOCOCCAL INFECT JOINT,20071022
0988,GONOCOCCAL INF OTH SITES,20071022
099,OTHER VENEREAL DISEASE,20071008
0994,NONGONOCOCC URETHRIT NEC,20071022
0995,C. TRACHOMATIS INFECTION,20071022
100,LEPTOSPIROSIS,20071008
1008,OTH LEPTOSPIRAL INFECT,20071022
102,YAWS,20071008
103,PINTA,20071008
104,OTHER SPIROCHETAL INFECT,20071008
110,DERMATOPHYTOSIS,20071008
111,DERMATOMYCOSIS NEC/NOS,20071008
1128,CANDIDIASIS OTHER SITES,20071022
Diagnosis Code,Diagnosis_Description,"Last Change Date"
115,HISTOPLASMOSIS,20071008
1150,HISTOPLASMA CAPSULATUM,20071022
1151,HISTOPLASMA DUBOISII,20071022
116,BLASTOMYCOTIC INFECTION,20071008
117,OTHER MYCOSES,20071008
120,SCHISTOSOMIASIS,20071008
121,OTH TREMATODE INFECTION,20071008
122,ECHINOCOCCOSIS,20071008
123,OTHER CESTODE INFECTION,20071008
125,FILARIAL INFECTION,20071008
126,ANCYLOSTOMIASIS,20071008
127,OTH INTEST HELMINTHIASES,20071008
128,HELMINTHIASES NEC & NOS,20071008
130,TOXOPLASMOSIS,20071008
131,TRICHOMONIASIS,20071008
1310,UROGENITAL TRICHOMONIAS,20071022
132,PEDICULOSIS AND PHTHIRUS,20071008
133,ACARIASIS,20071008
134,OTHER INFESTATION,20071008
136,INF/PARASITE DIS NEC/NOS,20071008
137,LATE EFFECT TUBERCULOSIS,20071008
139,LATE EFFECT INFECT NEC,20071008
140,MALIGNANT NEOPLASM LIP,20071008
141,MALIG NEO TONGUE,20071008
142,MAL NEO MAJOR SALIVARY,20071008
143,MALIGNANT NEOPLASM GUM,20071008
144,MALIG NEO MOUTH FLOOR,20071008
145,MALIG NEO MOUTH NEC/NOS,20071008
146,MALIG NEO OROPHARYNX,20071008
147,MALIG NEO NASOPHARYNX,20071008
148,MALIG NEOPL HYPOPHARYNX,20071008
149,OTH MALIG NEO OROPHARYNX,20071008
150,MALIGNANT NEO ESOPHAGUS,20071008
151,MALIGNANT NEO STOMACH,20071008
152,MALIG NEO SMALL BOWEL,20071008
153,MALIGNANT NEOPLASM COLON,20071008
154,MALIG NEO RECTUM/ANUS,20071008
155,MALIGNANT NEOPLASM LIVER,20071008
156,MAL NEO GB/EXTRAHEPATIC,20071008
157,MALIGNANT NEO PANCREAS,20071008
158,MALIG NEO PERITONEUM,20071008
159,OTH MALIG NEO GI/PERITON,20071008
Diagnosis Code,Diagnosis_Description,"Last Change Date"
161,MALIGNANT NEO LARYNX,20071008
162,MAL NEO TRACHEA/LUNG,20071008
163,MALIGNANT NEOPL PLEURA,20071008
164,MAL NEO THYMUS/MEDIASTIN,20071008
165,OTH/ILL-DEF MAL NEO RESP,20071008
170,MAL NEO BONE/ARTIC CART,20071008
171,MAL NEO SOFT TISSUE,20071008
172,MALIGNANT MELANOMA SKIN,20071008
173,OTHER MALIG NEOPL SKIN,20071008
174,MALIG NEO FEMALE BREAST,20071008
175,MALIG NEO MALE BREAST,20071008
176,KAPOSI'S SARCOMA,20071008
180,MALIG NEOPL CERVIX UTERI,20071008
182,MALIG NEOPL UTERUS BODY,20071008
183,MAL NEO UTERINE ADNEXA,20071008
184,MAL NEO FEM GEN NEC/NOS,20071008
186,MALIGN NEOPL TESTIS,20071008
187,MAL NEO MALE GENITAL NEC,20071008
188,MALIGN NEOPL BLADDER,20071008
189,MAL NEO URINARY NEC/NOS,20071008
190,MALIGNANT NEOPLASM EYE,20071008
191,MALIGNANT NEOPLASM BRAIN,20071008
192,MAL NEO NERVE NEC/NOS,20071008
194,MAL NEO OTHER ENDOCRINE,20071008
195,MAL NEO OTH/ILL-DEF SITE,20071008
196,MALIG NEO LYMPH NODES,20071008
197,SECONDRY MAL NEO GI/RESP,20071008
198,SEC MALIG NEO OTH SITES,20071008
1988,OTH SECONDARY MALIG NEO,20071022
199,MALIGNANT NEOPLASM NOS,20071008
200,LYMPHOSARC/RETICULOSARC,20071008
2000,RETICULOSARCOMA,20071022
2001,LYMPHOSARCOMA,20071022
2002,BURKITT'S TUMOR/LYMPHOMA,20071022
2008,MIXED LYMPHOSARCOMA,20071022
201,HODGKIN'S DISEASE,20071008
2010,HODGKIN'S PARAGRANULOMA,20071022
2012,HODGKIN'S SARCOMA,20071022
2014,HODGKINS LYMPH-HISTIOCYT,20071022
2015,HODGKINS NODULAR SCLEROS,20071022
2016,HODGKINS MIX CELLULARITY,20071022
2017,HODG LYMPHOCYTIC DEPLET,20071022
Diagnosis Code,Diagnosis_Description,"Last Change Date"
202,OTH MAL NEO LYMPH/HISTIO,20071008
2020,NODULAR LYMPHOMA,20071022
2021,MYCOSIS FUNGOIDES,20071022
2022,SEZARY'S DISEASE,20071022
2023,MALIGNANT HISTIOCYTOSIS,20071022
2024,LEUKEM RETICULOENDOTHEL,20071022
2025,LETTERER-SIWE DISEASE,20071022
2026,MALIG MAST CELL TUMORS,20071022
2028,LYMPHOMAS NEC,20071022
2029,MAL NEO LYM/HIST TIS NEC,20071022
203,MULTIPLE MYELOMA ET AL,20071008
2030,MULTIPLE MYELOMA,20071022
2031,PLASMA CELL LEUKEMIA,20071022
2038,IMMUNOPROLIFERAT NEO NEC,20071022
204,LYMPHOID LEUKEMIA,20071008
2040,ACUTE LYMPHOID LEUKEMIA,20071022
2041,CHR LYMPHOID LEUKEMIA,20071022
2042,SUBAC LYMPHOID LEUKEMIA,20071022
2048,LYMPHOID LEUKEMIA NEC,20071022
2049,LYMPHOID LEUKEMIA NOS,20071022
205,MYELOID LEUKEMIA,20071008
2050,ACUTE MYELOID LEUKEMIA,20071022
2051,CHRONIC MYELOID LEUKEMIA,20071022
2052,SUBACUT MYELOID LEUKEMIA,20071022
2053,MYELOID SARCOMA,20071022
2058,MYELOID LEUKEMIA NEC,20071022
2059,MYELOID LEUKEMIA NOS,20071022
206,MONOCYTIC LEUKEMIA,20071008
2060,ACUTE MONOCYTIC LEUKEMIA,20071022
2061,CHR MONOCYTIC LEUKEMIA,20071022
2062,SUBAC MONOCYTIC LEUKEMIA,20071022
2068,MONOCYTIC LEUKEMIA NEC,20071022
2069,MONOCYTIC LEUKEMIA NOS,20071022
207,OTHER SPECIFIED LEUKEMIA,20071008
2070,ACUTE ERYTHREMIA,20071022
2071,CHRONIC ERYTHREMIA,20071022
2072,MEGAKARYOCYTIC LEUKEMIA,20071022
2078,SPECIFIED LEUKEMIA NEC,20071022
208,LEUKEMIA-UNSPECIF CELL,20071008
2080,ACUTE LEUKEMIA NOS,20071022
2081,CHRONIC LEUKEMIA NOS,20071022
2082,SUBACUTE LEUKEMIA NOS,20071022
Diagnosis Code,Diagnosis_Description,"Last Change Date"
2089,LEUKEMIA-UNSPEC CELL NOS,20071022
211,OTH BENIGN NEOPLASM GI,20071008
212,BEN NEO RESP SYST/THORAX,20071008
213,BEN NEO BONE/ARTIC CART,20071008
214,LIPOMA,20071008
215,OTH BEN NEO SOFT TISSUE,20071008
216,BENIGN NEOPLASM OF SKIN,20071008
218,UTERINE LEIOMYOMA,20071008
219,OTH BENIGN NEO UTERUS,20071008
221,BEN NEO OTH FEM GENITAL,20071008
222,BENIGN NEO MALE GENITAL,20071008
223,BENIGN NEOPLASM URINARY,20071008
2238,BENIGN NEO OTH URINARY,20071022
224,BENIGN NEOPLASM OF EYE,20071008
225,BENIGN NEO NERVOUS SYST,20071008
227,BEN NEO OTH ENDOCRINE,20071008
228,HEMANGIOMA/LYMPHANGIOMA,20071008
2280,"HEMANGIOMA, ANY SITE",20071022
229,BENIGN NEOPLASM NEC/NOS,20071008
230,CA IN SITU DIGESTIVE ORG,20071008
231,CA IN SITU RESPIRATORY,20071008
232,CARCINOMA IN SITU SKIN,20071008
233,CA IN SITU BREAST/GU,20071008
234,CA IN SITU NEC/NOS,20071008
235,UNC BEHAV NEO GI/RESP,20071008
236,UNC BEHAV NEO GU,20071008
2369,UNC BEHAV NEO OTH URINAR,20071022
237,UNCER NEO ENDOCRINE/NERV,20071008
2377,NEUROFIBROMATOSIS,20071022
238,NEOPLASM OF UNCERTAIN BEHAVIOR NEC/NOS,20071008
2387,NEOPLASM OF UNCERTAIN BEHAVIOR OTHER LYMPHATIC & HEMATOPOIETIC TISSUES,20071022
239,UNSPECIFIED NEOPLASM,20071008
240,"GOITER, SIMPLE/NOS",20071008
241,NONTOXIC NODULAR GOITER,20071008
242,THYROTOXICOSIS,20071008
2420,TOXIC DIFFUSE GOITER,20071022
2421,TOXIC UNINODULAR GOITER,20071022
2422,TOXIC MULTINODUL GOITER,20071022
2423,TOXIC NODULAR GOITER NOS,20071022
2424,THYROTOX D/T ECTOP NODUL,20071022
2428,THYROTOX SPEC ORIGIN NEC,20071022
2429,THYROTOXICOSIS NOS,20071022
Diagnosis Code,Diagnosis_Description,"Last Change Date"
245,THYROIDITIS,20071008
246,OTH DISORDERS OF THYROID,20071008
2500,DIABETES MELLITUS UNCOMP,20071022
2501,DIABETES W KETOACIDOSIS,20071022
2502,DIABETES W HYPEROSMOLARITY\HYPEROSMOLAR COMA,20071022
2503,DIABETES W/ OTHER COMA: HYPOGLYCEMIC/INSULIN/KETOACIDOSIS,20071022
2504,DIABETES W RENAL MANIFEST,20071022
2505,DIABETES W/ OPHTHALMIC MANIFESTATIONS,20071022
2506,DIAB W NEUROLOGIC MANIF,20071022
2507,DIABETES W CIRCULAT DIS,20071022
2508,DIABETES W/ OTHER SPEC MANIFESTATIONS,20071022
2509,DIABETES W COMPLIC NOS,20071022
251,OTH PANCREATIC DISORDER,20071008
252,PARATHYROID DISORDER,20071008
2520,HYPERPARATHYROIDISM,20071022
253,PITUITARY/HYPOTHALM DIS,20071008
254,DISEASES OF THYMUS GLAND,20071008
255,ADRENAL GLAND DISORDERS,20071008
2551,HYPERALDOSTERONISM,20071022
256,OVARIAN DYSFUNCTION,20071008
2563,OVARIAN FAILURE NEC,20071022
257,TESTICULAR DYSFUNCTION,20071008
258,POLYGLANDULAR DYSFUNCT,20071008
259,OTH ENDOCRINE DISORDERS,20071008
263,PROT-CAL MALNUTR NEC/NOS,20071008
264,VITAMIN A DEFICIENCY,20071008
265,THIAMINE/NIACIN DEFIC,20071008
266,B-COMPLEX DEFICIENCIES,20071008
268,VITAMIN D DEFICIENCY,20071008
269,OTH NUTRITION DEFICIENCY,20071008
270,DIS AMIN-ACID METABOLISM,20071008
271,DIS CARBOHYDRATE METABOL,20071008
272,DIS OF LIPOID METABOLISM,20071008
273,DIS PLASMA PROTEIN METAB,20071008
274,GOUT,20071008
2741,GOUTY NEPHROPATHY,20071022
2748,GOUT W OTH MANIFESTATION,20071022
275,DIS MINERAL METABOLISM,20071008
2754,DIS CALCIUM METABOLISM,20071022
276,FLUID/ELECTROLYTE DIS,20071008
2765,HYPOVOLEMIA,20071022
277,METABOLISM DIS NEC/NOS,20071008
Diagnosis Code,Diagnosis_Description,"Last Change Date"
2773,AMYLOIDOSIS,20071022
2778,METABOLISM DISORDER NEC,20071022
278,OBESITY/HYPERALIMENT,20071008
2780,OBESITY,20071022
279,DIS IMMUNE MECHANISM,20071008
2790,DEFIC HUMORAL IMMUNITY,20071022
2791,DEFIC CELLULAR IMMUNITY,20071022
280,IRON DEFICIENCY ANEMIAS,20071008
281,OTHER DEFICIENCY ANEMIA,20071008
282,HEREDIT HEMOLYTIC ANEMIA,20071008
2824,THALASSEMIAS,20071022
2826,SICKLE-CELL ANEMIA,20071022
283,ACQUIRED HEMOLYTIC ANEMIAS,20071008
2831,NON-AUTOIMMUNE HEMOLYTIC ANEMIAS,20071022
2832,HEMOLYTIC HEMOGLOBINURIA,20071022
2839,ACQ HEMOLYTIC ANEMIA NOS,20071022
284,APLASTIC ANEMIA,20071008
2840,CONGEN APLASTIC ANEMIA,20071022
285,ANEMIA NEC/NOS,20071008
2852,ANEMIA IN CHRONIC ILLNESS,20071022
286,COAGULATION DEFECTS,20071008
287,PURPURA & OTH HEMOR COND,20071008
2873,PRIMARY THROMBOCYTOPENIA,20071022
288,WBC DISORDERS,20071008
2880,AGRANULOCYTOSIS,20071022
289,OTHER BLOOD DISEASE,20071008
2895,OTHER SPLEEN DISEASES,20071022
2898,BLOOD DISEASES NEC,20071022
290,SENILE/PRESENILE PSYCHOS,20071008
2901,PRESENILE DEMENTIA,20071022
2902,SENILE DELUSION/DEPRESS,20071022
2904,ARTERIOSCLEROT DEMENTIA,20071022
291,ALCOHOLIC PSYCHOSES,20071008
2918,OTHER SPECIFIED ALCOHOLIC PSYCHOSIS,20071022
292,DRUG PSYCHOSES,20071008
2921,DRUG PARANOID/HALLUCINOS,20071022
2928,OTHER DRUG MENTAL DIS,20071022
293,TRANSIENT ORG MENTAL DIS,20071008
2938,OTH TRANSIENT ORG MENTAL,20071022
294,OTHER ORGANIC PSYCH COND,20071008
2941,DEMENTIA IN CONDITIONS CLASSIFIED ELSEWHERE,20071022
295,SCHIZOPHRENIC DISORDERS,20071008
Diagnosis Code,Diagnosis_Description,"Last Change Date"
296,AFFECTIVE PSYCHOSES,20071008
2960,"MANIC DIS, SINGL EPISODE",20071022
2961,"MANIC, RECURRENT EPISODE",20071022
2962,"DEPR PSYCH, SINGL EPISOD",20071022
2963,"DEPR PSYCH, RECUR EPISOD",20071022
2964,"BIPOLAR AFFECTIVE, MANIC",20071022
2965,"BIPOLAR AFFECT, DEPRESS",20071022
2966,"BIPOLAR AFFECTIVE, MIXED",20071022
2968,MANIC-DEPRESSIVE NEC/NOS,20071022
2969,AFFECT PSYCHOSES NEC/NOS,20071022
297,PARANOID STATES,20071008
298,OTH NONORGANIC PSYCHOSES,20071008
299,PSYCHOSES OF CHILDHOOD,20071008
2990,INFANTILE AUTISM,20071022
2991,DISINTEGRATIVE PSYCHOSIS,20071022
2998,EARLY CHLD PSYCHOSES NEC,20071022
2999,EARLY CHLD PSYCHOSIS NOS,20071022
300,NEUROTIC DISORDERS,20071008
3000,ANXIETY STATES,20071022
3001,HYSTERIA,20071022
3002,PHOBIC DISORDERS,20071022
3008,NEUROTIC DISORDERS NEC,20071022
301,PERSONALITY DISORDERS,20071008
3011,AFFECTIVE PERSONALITY,20071022
3012,SCHIZOID PERSONALITY,20071022
3015,HISTRIONIC PERSONALITY,20071022
3018,OTHER PERSONALITY DIS,20071022
302,SEXUAL DEVIATIONS AND DISORDERS,20071008
3025,TRANS-SEXUALISM,20071022
3027,PSYCHOSEXUAL DYSFUNCTION,20071022
3028,PSYCHOSEXUAL DIS NEC,20071022
303,ALCOHOL DEPENDENCE SYNDR,20071008
3030,AC ALCOHOL INTOXICATION,20071022
3033,ALCOHOL DEPENDENCE SYNDROME IN REMISSION,20071022
3039,ALCOHOL DEPEND NEC/NOS,20071022
304,DRUG DEPENDENCE,20071008
3040,OPIOID TYPE DEPENDENCE,20071022
3041,BARBITURATE DEPENDENCE,20071022
3042,COCAINE DEPENDENCE,20071022
3043,CANNABIS DEPENDENCE,20071022
3044,AMPHETAMINE DEPENDENCE,20071022
3045,HALLUCINOGEN DEPENDENCE,20071022
Diagnosis Code,Diagnosis_Description,"Last Change Date"
3047,OPIOID/OTHER DRUG DEPEND,20071022
3048,COMB DRUG DEPENDENCE NEC,20071022
3049,DRUG DEPENDENCE NOS,20071022
305,NONDEPENDENT DRUG ABUSE,20071008
3050,ALCOHOL ABUSE,20071022
30510,TOBACCO ABUSE-UNSPEC,20071025
30511,TOBACCO ABUSE-CONTINUOUS,20071025
30512,TOBACCO ABUSE-EPISODIC,20071025
30513,TOBACCO ABUSE-IN REMISS,20071025
3052,CANNABIS ABUSE,20071022
3053,HALLUCINOGEN ABUSE,20071022
3054,BARBITURATE ABUSE,20071022
3055,OPIOID ABUSE,20071022
3056,COCAINE ABUSE,20071022
3057,AMPHETAMINE ABUSE,20071022
3058,ANTIDEPRESSANT ABUSE,20071022
3059,DRUG ABUSE NEC/NOS,20071022
306,PSYCHOPHYSIOLOGIC DIS,20071008
3065,PSYCHOGENIC GU DISEASE,20071022
307,SPECIAL SYMPTOM NEC,20071008
3072,TICS,20071022
3074,NONORGANIC SLEEP DISORD,20071022
3075,EATING DISORDERS NEC/NOS,20071022
3078,PSYCHALGIA,20071022
308,ACUTE REACTION TO STRESS,20071008
309,ADJUSTMENT REACTION,20070809
3092,ADJUST REACT/OTH EMOTION,20071022
3098,OTHER ADJUST REACTION,20071022
310,NONPSYCHOTIC BRAIN SYND,20071008
312,CONDUCT DISTURBANCE NEC,20070809
3120,UNSOCIALIZED AGGRESSION,20071022
3121,"UNSOCIALIZ, UNAGGRESSIVE",20071022
3122,SOCIALIZED CONDUCT DIS,20071022
3123,IMPULSE CONTROL DIS NEC,20071022
3128,OTHER CONDUCT DISTURB NEC,20071022
313,EMOTIONAL DIS CHILD/ADOL,20070809
3132,SENSITIVITY & WITHDRAWAL,20070809
3138,OTH EMOTIONAL DIS CHILD,20070809
314,HYPERKINETIC SYNDROME OF CHILDHOOD,20071008
3140,ATTENTION DEFICIT DIS,20071022
315,SPECIFIC DEVELOP DELAYS,20070809
3150,SPECIFIC READING DIS,20071022
Diagnosis Code,Diagnosis_Description,"Last Change Date"
318,OTHER SPECIFIED MENTAL RETARDATION,20071008
320,BACTERIAL MENINGITIS,20071008
3208,BACTERIAL MENINGITIS NEC,20071022
321,OTH ORGANISM MENINGITIS,20071008
322,"MENINGITIS, UNSPECIFIED",20071008
323,ENCEPHALOMYELITIS,20071008
3230,ENCEPHALIT IN VIRAL DIS,20071022
3234,OTH ENCEPHALIT D/T INFEC,20071022
3235,POSTIMMUNIZAT ENCEPHALIT,20071022
3236,POSTINFECT ENCEPHALITIS,20071022
3237,TOXIC ENCEPHALITIS,20071022
3238,ENCEPHALITIS NEC,20071022
324,CNS ABSCESS,20071008
3275,"PERIODIC LIMB MOVEMENT DISORDER, SLEEP DISORDER",20071022
330,CEREBRAL DEGEN IN CHILD,20071008
331,CEREBRAL DEGENERATIONS NEC,20071008
3311,PICK'S DISEASE,20071022
3318,CEREB DEGENERATION NEC,20071022
332,PARKINSON'S DISEASE,20071008
333,EXTRAPYRAMIDAL DIS & ABNORMAL MOVEMENT DISORDERS NEC,20071008
3337,SYMPTOM TORSION DYSTONIA,20071022
3338,FRAGMNT TORSION DYSTONIA,20071022
3339,EXTRAPYRAMIDAL DIS & ABNORMAL MOVEMENT DISORDERS NEC/NOS,20071022
334,SPINOCEREBELLAR DISEASE,20071008
335,ANT HORN CELL DISEASE,20071008
3351,SPINAL MUSCULAR ATROPHY,20071022
3352,MOTOR NEURON DISEASE,20071022
336,SPINAL CORD DISEASE NEC,20071008
337,AUTONOMIC NERVE DISORDER,20071008
3372,REFLEX SYMPATHETIC DYSTROPHY,20071022
341,OTHER CNS DEMYELINATION,20071008
342,HEMIPLEGIA & HEMIPARESIS,20071008
3420,FLACCID HEMIPLEGIA,20071022
3421,SPASTIC HEMIPLEGIA,20071022
3428,OTHER SPECIFIED HEMIPLEGIA,20071022
3429,HEMIPLEGIA NOS,20071022
343,INFANTILE CEREBRAL PALSY,20071008
344,OTH PARALYTIC SYNDROMES,20071008
3440,QUADRIPLEGIA & QUADRIPARESIS NOS,20071022
3444,MONOPLEGIA OF UPPER LIMB,20071022
3446,CAUDA EQUINA SYNDROME,20071022
3448,PARALYTIC SYNDROMES NEC,20071022
Diagnosis Code,Diagnosis_Description,"Last Change Date"
3450,GEN NONCONVULS EPILEPSY,20071022
3451,GEN CONVULSIVE EPILEPSY,20071022
3454,PSYCHOMOTOR EPILEPSY,20071022
3455,PARTIAL EPILEPSY NEC,20071022
3456,INFANTILE SPASMS,20071022
3457,EPILEPS PARTIAL CONTINUA,20071022
3458,EPILEPSY NEC,20071022
3459,EPILEPSY NOS,20071022
346,MIGRAINE,20071008
3460,CLASSICAL MIGRAINE,20071022
3461,COMMON MIGRAINE,20071022
3462,VARIANTS OF MIGRAINE,20071022
3468,MIGRAINE NEC,20071022
3469,MIGRAINE NOS,20071022
347,CATAPLEXY AND NARCOLEPSY,20071008
348,OTHER BRAIN CONDITIONS,20071008
3483,ENCEPHALOPATHY NEC,20071022
349,CNS DISORDER NEC/NOS,20071008
3498,OTHER CNS DISORDERS,20071022
350,TRIGEMINAL NERV DISORDER,20071008
351,FACIAL NERVE DISORDERS,20071008
352,DISORDER CRAN NERVE NEC,20071008
353,NERVE ROOT/PLEXUS DIS,20071008
354,"MONONEURITIS, UPPER LIMB AND MONONEURITIS MULTIPLEX",20071008
355,"MONONEURITIS, LOWER LIMB AND UNSPECIFIED SITE",20071008
3557,"MONONEURITIS, LOWER LIMB NEC",20071022
356,HERED PERIPH NEUROPATHY,20071008
357,INFLAM/TOXIC NEUROPATHY,20071008
3578,INFLAM/TOX NEUROPTHY NEC,20071022
358,MYONEURAL DISORDERS,20071008
3580,MYASTHENIA GRAVIS,20071022
359,MUSCULAR DYSTROPHIES,20071008
3598,MYOPATHY NEC,20071022
360,DISORDERS OF THE GLOBE,20071008
3600,PURULENT ENDOPHTHALMITIS,20071022
3601,OTHER ENDOPHTHALMITIS,20071022
3603,HYPOTONY OF EYE,20071022
3604,DEGENERATION OF EYE,20071022
3605,"OLD MAGNET FB, EYE",20071022
3606,OLD FOREIGN BODY EYE NOS,20071022
3608,OTH DISORDERS OF GLOBE,20071022
361,RETINAL DETACHMENT,20071008
Diagnosis Code,Diagnosis_Description,"Last Change Date"
3611,RETINOSCHISIS,20071022
3613,RETINA DEFECT W/O DETACH,20071022
3618,OTHER RETINAL DETACHMENT,20071022
362,RETINAL DISORDERS NEC,20071008
3620,DIABETIC RETINOPATHY,20071022
3621,BACKGRND RETINOPATHY NEC,20071022
3622,OTH PROLIF RETINOPATHY,20071022
3623,RETINAL VASC OCCLUSION,20071022
3624,RETINA LAYER SEPARATION,20071022
3625,DEGENERATION OF MACULA,20071022
3626,PERIPH RETINA DEGEN,20071022
3627,HERED RETINAL DYSTROPHY,20071022
3628,OTHER RETINAL DISORDERS,20071022
363,CHOROIDAL DISORDERS,20071008
3630,FOCAL CHORIORETINITIS,20071022
3631,DISSEMIN CHORIORETINITIS,20071022
3632,CHORIORETINITIS NEC/NOS,20071022
3633,CHORIORETINAL SCARS,20071022
3634,CHOROIDAL DEGENERATIONS,20071022
3635,HERED CHOROID DYSTROPHY,20071022
3636,CHOROIDAL HEMORR/RUPTURE,20071022
3637,CHOROIDAL DETACHMENT,20071022
364,IRIS/CILIARY BODY DIS,20071008
3640,ACUTE IRIDOCYCLITIS,20071022
3641,CHRONIC IRIDOCYCLITIS,20071022
3642,IRIDOCYCLITIS NEC,20071022
3644,VASCULR DIS IRIS/CILIARY,20071022
3645,DEGENERAT IRIS/CILIARY,20071022
3646,ANTERIOR CHAMBER CYSTS,20071022
3647,ADHESN IRIS/CILIARY BODY,20071022
365,GLAUCOMA,20071008
3650,BORDERLINE GLAUCOMA,20071022
3651,OPEN-ANGLE GLAUCOMA,20071022
3652,PRIM ANGL-CLOSURE GLAUC,20071022
3653,STEROID-INDUCED GLAUCOMA,20071022
3654,GLAUCOM W CONGEN ANOMALY,20071022
3655,GLAUCOMA W LENS DISORDER,20071022
3656,GLAUC W OCULAR DIS NEC,20071022
3658,OTHER GLAUCOMA,20071022
366,CATARACT,20071008
3660,NONSENILE CATARACT,20071022
3661,SENILE CATARACT,20071022
Diagnosis Code,Diagnosis_Description,"Last Change Date"
3663,COMPLICATED CATARACT,20071022
3664,CATARACT W OTH DISORDER,20071022
3665,AFTER-CATARACT,20071022
367,DISORDERS OF REFRACTION,20071008
3672,ASTIGMATISM,20071022
3673,ANISOMETROP/ANISEIKONIA,20071022
3675,ACCOMMODATION DISORDERS,20071022
3678,REFRACTION DISORDER NEC,20071022
368,VISUAL DISTURBANCES,20071008
3680,AMBLYOPIA EX ANOPSIA,20071022
3681,SUBJECTVE VISUAL DISTURB,20071022
3683,BINOCULAR VISION DIS NEC,20071022
3684,VISUAL FIELD DEFECTS,20071022
3685,COLOR VISION DEFICIENCY,20071022
3686,NIGHT BLINDNESS,20071022
369,BLINDNESS AND LOW VISION,20071008
3690,PROFOUND BLIND BOTH EYES,20071022
3691,MOD/SEV W PROFND IMPAIR,20071022
3692,MOD/SEV IMPAIR-BOTH EYES,20071022
3696,PROFOUND IMPAIR-ONE EYE,20071022
3697,"MOD/SEVERE IMPAIR, 1 EYE",20071022
370,KERATITIS,20071008
3700,CORNEAL ULCER,20071022
3702,SUPERFICIAL KERATITIS,20071022
3703,SPEC TYPE KERATOCONJUNCT,20071022
3704,KERATOCONJUNCTIV NEC/NOS,20071022
3705,INTERSTITIAL KERATITIS,20071022
3706,CORNEAL NEOVASCULARIZAT,20071022
371,CORNEAL OPACITY/DISORDER,20071008
3710,CORNEAL SCARS/OPACITIES,20071022
3711,CORNEAL PIGMENTATIONS,20071022
3712,CORNEAL EDEMA,20071022
3713,CORNEAL MEMBRANE CHANGES,20071022
3714,CORNEAL DEGENERATIONS,20071022
3715,HERED CORNEA DYSTROPHY,20071022
3716,KERATOCONUS,20071022
3717,CORNEAL DEFORMITIES NEC,20071022
3718,OTHER CORNEAL DISORDERS,20071022
372,DISORDERS OF CONJUNCTIVA,20071008
3720,ACUTE CONJUNCTIVITIS,20071022
3721,CHRONIC CONJUNCTIVITIS,20071022
3722,BLEPHAROCONJUNCTIVITIS,20071022
Diagnosis Code,Diagnosis_Description,"Last Change Date"
3724,PTERYGIUM,20071022
3725,CONJUNCTIVA DEGENERATION,20071022
3726,CONJUNCTIVAL SCARS,20071022
3727,CONJUNCTIVA VASC DIS,20071022
3728,CONJUNCTIVA DISORDER NEC,20071022
373,INFLAMMATION OF EYELIDS,20071008
3730,BLEPHARITIS,20071022
3731,HORDEOLUM,20071022
3733,NONINF DERMATOSES EYELID,20071022
374,DISORDERS OF EYELIDS NEC,20071008
3740,ENTROPION/TRICHIASIS LID,20071022
3741,ECTROPION,20071022
3742,LAGOPHTHALMOS,20071022
3743,PTOSIS OF EYELID,20071022
3744,OTH EYELID FUNCTION DIS,20071022
3745,OTHER EYELID DEGEN DIS,20071022
3748,OTHER DISORDER OF EYELID,20071022
375,LACRIMAL SYSTEM DISORDER,20071008
3750,DACRYOADENITIS,20071022
3751,LACRIMAL GLAND DIS NEC,20071022
3752,EPIPHORA,20071022
3753,INFLAM LACRIM PASSGE NOS,20071022
3754,CHR INFL LACRIM PASSAGE,20071022
3755,LACRIMAL PASSAG STENOSIS,20071022
3756,OTH CHANGE LACRIM PASSGE,20071022
3758,OTH LACRIMAL SYSTEM DIS,20071022
376,DISORDERS OF THE ORBIT,20071008
3760,"AC INFLAMMATION, ORBIT",20071022
3761,CHR INFLAM DIS ORBIT,20071022
3762,ENDOCRINE EXOPHTHALMOS,20071022
3763,EXOPHTHALMIC COND NEC,20071022
3764,DEFORMITY OF ORBIT,20071022
3765,ENOPHTHALMOS,20071022
3768,OTHER ORBITAL DISORDERS,20071022
377,DISORDERS OF OPTIC NERVE,20071008
3770,PAPILLEDEMA,20071022
3771,OPTIC ATROPHY,20071022
3772,OPTIC DISC DISORDERS NEC,20071022
3773,OPTIC NEURITIS,20071022
3774,OTH OPTIC NERVE DISORDER,20071022
3775,OPTIC CHIASM DISORDERS,20071022
3776,VISUAL PATHWAY DIS NEC,20071022
Diagnosis Code,Diagnosis_Description,"Last Change Date"
378,STRABISMUS,20071008
3780,ESOTROPIA,20071022
3781,EXOTROPIA,20071022
3782,INTERMITTNT HETEROTROPIA,20071022
3783,HETEROTROPIA NEC/NOS,20071022
3784,HETEROPHORIA,20071022
3785,PARALYTIC STRABISMUS,20071022
3786,MECHANICAL STRABISMUS,20071022
3787,STRABISMUS NEC,20071022
3788,OTH BINOCULAR MOVMNT DIS,20071022
379,EYE DISORDERS NEC,20071008
3790,SCLERITIS/EPISCLERITIS,20071022
3791,OTH DISORDERS OF SCLERA,20071022
3792,VITREOUS BODY DISORDERS,20071022
3793,OTHER LENS DISORDERS,20071022
3794,PUPIL FUNCTION ANOMALIES,20071022
3795,IRREGULAR EYE MOVEMENTS,20071022
3799,EYE DISORDERS NOS,20071022
380,DISORDER OF EXTERNAL EAR,20071008
3800,PERICHONDRITIS OF PINNA,20071022
3801,INFECTIVE OTITIS EXTERNA,20071022
3802,OTITIS EXTERNA NEC,20071022
3803,NONINFECT DISORDER PINNA,20071022
3805,ACQ STENOSIS EAR CANAL,20071022
3808,DISORD EXTERNAL EAR NEC,20071022
381,NONSUPPUR OTITIS MEDIA,20071008
3810,AC NONSUP OTITIS MEDIA,20071022
3811,CHR SEROUS OTITIS MEDIA,20071022
3812,CHR MUCOID OTITIS MEDIA,20071022
3815,EUSTACHIAN SALPINGITIS,20071022
3816,EUSTACHIAN TUBE OBSTRUCT,20071022
382,"OTITIS MEDIA, SUPPUR/NOS",20071008
3820,AC SUPPUR OTITIS MEDIA,20071022
383,MASTOIDITIS ET AL,20071008
3830,ACUTE MASTOIDITIS,20071022
3832,PETROSITIS,20071022
3833,POSTMASTOIDECTOMY COMPL,20071022
3838,OTHER MASTOID DISORDERS,20071022
384,DISORD TYMPANIC MEMB NEC,20071008
3840,ACUTE MYRINGITIS,20071022
3842,PERFORATION TYMPAN MEMB,20071022
3848,DIS TYMPANIC MEMB NEC,20071022
Diagnosis Code,Diagnosis_Description,"Last Change Date"
405,SECONDARY HYPERTENSION,20071008
4050,MAL SECOND HYPERTENSION,20071022
4051,BENIGN SECOND HYPERTENS,20071022
4059,SECOND HYPERTENSION NOS,20071022
410,ACUTE MYOCARDIAL INFARCT,20071008
4100,AMI ANTEROLATERAL WALL,20071022
4101,AMI ANTERIOR WALL NEC,20071022
4102,AMI INFEROLATERAL WALL,20071022
4103,AMI INFEROPOSTERIOR WALL,20071022
4104,AMI INFERIOR WALL NEC,20071022
4105,AMI LATERAL WALL NEC,20071022
4106,TRUE POSTERIOR INFARCT,20071022
4107,SUBENDOCARDIAL INFARCT,20071022
4108,MYOCADIAL INFARCT NEC,20071022
4109,MYOCARDIAL INFARCT NOS,20071022
411,OTH AC ISCHEMIC HRT DIS,20071008
4118,AC ISCHEMIC HRT DIS NEC,20071022
413,ANGINA PECTORIS,20071008
414,OTH CHR ISCHEMIC HRT DIS,20071008
4140,CORONARY ATHEROSCLEROSIS,20071022
4141,ANEURYSM OF HEART,20071022
415,ACUTE PULMONARY HRT DIS,20071008
4151,PULMON EMBOLISM/INFARCT,20071022
416,CHR PULMONARY HEART DIS,20071008
417,OTH PULMON CIRCULAT DIS,20071008
420,ACUTE PERICARDITIS,20071008
4209,AC PERICARDITIS NEC/NOS,20071022
421,AC/SUBAC ENDOCARDITIS,20071008
422,ACUTE MYOCARDITIS,20071008
4229,AC MYOCARDITIS NEC/NOS,20071022
423,OTH PERICARDIAL DISEASE,20071008
424,OTH ENDOCARDIAL DISEASE,20071008
4249,ENDOCARDITIS NOS,20071022
425,CARDIOMYOPATHY,20071008
426,CONDUCTION DISORDERS,20071008
4261,ATRIOVENT BLOCK NEC/NOS,20071022
4265,BUNDL BRANCH BLK NEC/NOS,20071022
4268,CONDUCTION DISORDER NEC,20071022
427,CARDIAC DYSRHYTHMIAS,20071008
4273,ATRIAL FIBRILL/FLUTTER,20071022
4276,PREMATURE BEATS,20071022
4278,CARDIAC DYSRHYTHMIAS NEC,20071022
Diagnosis Code,Diagnosis_Description,"Last Change Date"
4282,SYSTOLIC HEART FAILURE,20071022
4283,DIASTOLIC HEART FAILURE,20071022
4284,"SYSTOLIC AND DIASTOLIC HEART FAILURE, COMBINED",20071022
429,ILL-DEFINED HEART DIS,20071008
4297,AMI SEQUELAE NEC,20071022
4298,ILL-DEFINED HRT DIS NEC,20071022
432,INTRACRANIAL HEM NEC/NOS,20071008
433,PRECEREBRAL OCCLUSION AND STENOSIS,20071008
4330,BASILAR ARTERY OCCLUSION,20071022
4331,CAROTID ARTERY OCCLUSION,20071022
4332,VERTEBRAL ART OCCLUSION,20071022
4333,MULT PRECEREB OCCLUSION,20071022
4338,PRECEREB OCCLUSION NEC,20071022
4339,PRECEREB OCCLUSION NOS,20071022
434,CEREBRAL ARTERY OCCLUS,20071008
4340,CEREBRAL THROMBOSIS,20071022
4341,CEREBRAL EMBOLISM,20071022
4349,CEREBR ARTERY OCCLUS NOS,20071022
435,TRANSIENT CEREB ISCHEMIA,20071008
437,OTH CEREBROVASC DISEASE,20071008
438,LATE EFF CEREBROVASC DIS,20071008
4381,LATE EFFECTS OF CEREBROVASCULAR DISEASE: SPEECH AND LANGUAGE DEFICITS,20071022
4382,LATE EFFECTS OF CVD: HEMIPLEGIA AFFECTING UNSPECIFIED SIDE,20071022
4383,LATE EFFECTS OF CVD: MONOPLEGIA OF UPPER LIMB,20071022
4384,LATE EFFECTS OF CVD: MONOPLEGIA OF LOWER LIMB,20071022
4385,LATE EFFECTS OF CVD: OTHER PARALYTIC SYNDROME,20071022
4388,OTHER LATE EFFECTS OF CEREBROVASCULAR DISEASE: OTHER LATE EFFECTS,20071022
440,ATHEROSCLEROSIS,20071008
4402,ATHEROSCLEROSIS-NATIVE ARTERIES OF EXTREMITIES,20071022
4403,ATHEROSCLEROSIS-BYPASS GRAFT OF EXTREMITIES,20071022
441,AORTIC ANEURYSM AND DISSECTION,20071008
4410,DISSECTION OF AORTA - DISSECTING ANEURYSM OF AORTA (RUPTURED),20071022
442,OTHER ANEURYSM,20071008
4428,ANEURYSM NEC,20071022
443,OTH PERIPH VASCULAR DIS,20071008
4432,OTHER ARTERIAL DISSECTION,20071022
4438,PERIPH VASCULAR DIS NEC,20071022
444,ARTERIAL EMBOLISM,20071008
4442,EMBOLISM OF EXTREMITY,20071022
4448,ARTERIAL EMBOLISM NEC,20071022
445,ATHEROEMBOLISM,20071008
4450,ATHEROEMBOLISM OF EXTREMITIES,20071022
Diagnosis Code,Diagnosis_Description,"Last Change Date"
446,POLYARTERIT NODOSA ET AL,20071008
4462,HYPERSENSITIV ANGIITIS,20071022
447,OTHER ARTERIAL DISEASE,20071008
448,DISEASE OF CAPILLARIES,20071008
4511,"PHLEBITIS & THROMBOPHLEBITIS: DEEP VESSELS, LOWER EXTREMITIES",20071022
4518,PHLEBITIS AND THROMBOPHLEBITIS: OTHER SITES,20071022
453,OTH VENOUS THROMBOSIS,20071008
454,"VARICOSE VEINS, LEG",20071008
455,HEMORRHOIDS,20071008
456,VARICOSE VEINS NEC,20071008
4562,ESOPH VARICES IN OTH DIS,20071022
457,NONINFECT LYMPHATIC DIS,20071008
458,HYPOTENSION,20071008
4582,LATROGENIC HYPOTENSION - POSTOPERATIVE HYPOTENSION,20071022
459,OTH CIRCULATORY DISEASE,20071008
4591,POSTPHLEBITIC SYNDROME,20071022
4593,CHRONIC VENOUS HYPERTENSION (IDIOPATHIC),20071022
4598,OTH CIRCULATORY DISEASE,20071022
461,ACUTE SINUSITIS,20071008
464,AC LARYNGITIS/TRACHEITIS,20071008
4640,ACUTE LARYNGITIS,20071022
4641,ACUTE TRACHEITIS,20071022
4642,ACUTE LARYNGOTRACHEITIS,20071022
4643,ACUTE EPIGLOTTITIS,20071022
4645,"ACUTE LARYNGITIS AND TRACHEITIS: SUPRAGLOTTITIS, UNSPECIFIED",20071022
465,AC URI MULT SITES/NOS,20071008
466,AC BRONCHITIS/BRONCHIOL,20071008
4661,ACUTE BRONCHIOLITIS,20071022
471,NASAL POLYPS,20071008
472,CHR PHARYNG/NASOPHARYNG,20071008
473,CHRONIC SINUSITIS,20071008
474,CHRONIC DISEASE OF TONSILS AND ADENOIDS,20071008
4740,CHRONIC TONSILLITIS AND ADENOIDITIS,20071022
4741,T & A HYPERTROPHY,20071022
476,CHR LARYNG/LARYNGOTRACH,20071008
477,ALLERGIC RHINITIS,20071008
478,OTH UPPR RESPIRATORY DIS,20071008
4781,NASAL & SINUS DIS NEC,20071022
4782,DISEASE OF PHARYNX NEC,20071022
4783,PARAL VOCAL CORD/LARYNX,20071022
4787,OTHER DISEASE OF LARYNX,20071022
480,VIRAL PNEUMONIA,20071008
Diagnosis Code,Diagnosis_Description,"Last Change Date"
4823,STREPTOCOCCAL PNEUMONIA,20071022
4824,STAPHYLOCOCCAL PNEUMONIA,20071022
4828,BACTERIAL PNEUMONIA NEC,20071022
483,PNEUMONIA: ORGANISM NEC,20071008
484,PNEUM IN OTH INFEC DIS,20071008
487,INFLUENZA,20071008
491,CHRONIC BRONCHITIS,20071008
4912,OBSTRUCTIVE CHRONIC BRONCHITIS,20071022
492,EMPHYSEMA,20071008
493,ASTHMA,20071008
4930,EXTRINSIC ASTHMA,20071022
4931,INTRINSIC ASTHMA,20071022
4932,CHRONIC OBSTRUCTIVE ASTHMA,20071022
4938,OTHER FORMS OF ASTHMA,20071022
4939,ASTHMA NOS,20071022
494,BRONCHIECTASIS,20071008
495,EXT ALLERGIC ALVEOLITIS,20071008
506,FUM/VAPOR RESP DISEASES,20071008
507,SOLID/LIQ PNEUMONITIS,20071008
508,RESP COND D/T EXT AGENT,20071008
510,EMPYEMA,20071008
511,PLEURISY,20071008
512,PNEUMOTHORAX,20071008
513,LUNG/MEDIASTINUM ABSCESS,20071008
516,OTH ALVEOL PNEUMONOPATHY,20071008
517,LUNG INVOLV W OTH COND,20071008
518,OTHER LUNG DISEASES,20071008
5188,LUNG DISEASE NEC,20071022
519,OTH RESP SYSTEM DISEASES,20071008
5190,TRACHEOSTOMY COMPLIC,20071022
5191,TRACHEA/BRONCHUS DIS NEC,20071022
520,TOOTH DEVELOP/ERUPT DIS,20071008
521,HARD TISSUE DIS OF TEETH,20071008
5210,DENTAL CARIES,20071022
5211,EXCESS ATTRITION-TEETH,20071022
5212,ABRASION OF TEETH,20071022
5213,EROSION OF TEETH,20071022
5214,RESORPTION OF TEETH,20071022
5218,HARD TISS DIS TEETH NEC,20071022
522,PULP & PERIAPICAL DIS,20071008
523,GINGIVAL/PERIODONTAL DIS,20071008
5230,ACUTE GINGIVITIS,20071022
Diagnosis Code,Diagnosis_Description,"Last Change Date"
5232,GINGIVAL RECESSION,20071022
5233,ACUTE PERIODONTITIS,20071022
5234,CHRONIC PERIODONTITIS,20071022
524,DENTOFACIAL ANOMALIES,20071008
5240,MAJOR ANOM OF JAW SIZE,20071022
5241,JAW-CRANIAL BASE ANOMALY,20071022
5242,DENTAL ARCH ANOMALY,20071022
5243,TOOTH POSITION ANOMALY,20071022
5245,ABN DENTOFACIAL FUNCTION,20071022
5246,TEMPOROMANDIBULAR JT DIS,20071022
5247,ALVEOLAR ANOMALY,20071022
5248,DENTOFACIAL ANOMALY NEC,20071022
525,OTHER DENTAL DISORDER,20071008
5251,"LOSS OF TEETH, ACQUIRED",20071022
5252,ATROPHY ALVEOLAR RIDGE,20071022
5254,"COMPLETE EDENTULISM,UNSPECIFIED,EDENTULISM NOS",20071022
526,JAW DISEASES,20071008
5268,OTHER JAW DISEASES,20071022
527,SALIVARY GLAND DISEASES,20071008
528,ORAL SOFT TISSUE DISEASE,20071008
5280,STOMATITIS,20071022
5287,ORAL EPITHELIUM DIS NEC,20071022
529,TONGUE DISORDERS,20071008
530,DISEASES OF ESOPHAGUS,20071008
5301,ESOPHAGITIS,20071022
5302,ULCER OF ESOPHAGUS,20071022
5308,ESOPHAGEAL DISORDER NEC,20071022
531,GASTRIC ULCER,20071008
5310,AC STOMACH ULCER W HEM,20071022
5311,AC STOMACH ULCER W PERF,20071022
5312,AC STOMAC ULC W HEM/PERF,20071022
5313,ACUTE STOMACH ULCER NOS,20071022
5314,CHR STOMACH ULC W HEM,20071022
5315,CHR STOMACH ULCER W PERF,20071022
5316,CHR STOMACH ULC HEM/PERF,20071022
5317,CHR STOMACH ULCER NOS,20071022
5319,STOMACH ULCER NOS,20071022
532,DUODENAL ULCER,20071008
5320,AC DUODENAL ULCER W HEM,20071022
5321,AC DUODENAL ULCER W PERF,20071022
5322,AC DUODEN ULC W HEM/PERF,20071022
5323,ACUTE DUODENAL ULCER NOS,20071022
Diagnosis Code,Diagnosis_Description,"Last Change Date"
5325,CHR DUODEN ULCER W PERF,20071022
5326,CHR DUODEN ULC HEM/PERF,20071022
5327,CHR DUODENAL ULCER NOS,20071022
5329,DUODENAL ULCER NOS,20071022
533,"PEPTIC ULCER, SITE NOS",20071008
5330,AC PEPTIC ULCER W HEMORR,20071022
5331,AC PEPTIC ULCER W PERFOR,20071022
5332,AC PEPTIC ULC W HEM/PERF,20071022
5333,ACUTE PEPTIC ULCER NOS,20071022
5334,CHR PEPTIC ULCER W HEM,20071022
5335,CHR PEPTIC ULCER W PERF,20071022
5336,CHR PEPT ULC W HEM/PERF,20071022
5337,CHRONIC PEPTIC ULCER NOS,20071022
5339,PEPTIC ULCER NOS,20071022
534,GASTROJEJUNAL ULCER,20071008
5340,AC MARGINAL ULCER W HEM,20071022
5341,AC MARGINAL ULCER W PERF,20071022
5342,AC MARGIN ULC W HEM/PERF,20071022
5343,AC MARGINAL ULCER NOS,20071022
5344,CHR MARGINAL ULCER W HEM,20071022
5345,CHR MARGINAL ULC W PERF,20071022
5346,CHR MARGIN ULC HEM/PERF,20071022
5347,CHR MARGINAL ULCER NOS,20071022
5349,GASTROJEJUNAL ULCER NOS,20071022
535,GASTRITIS AND DUODENITIS,20071008
5350,ACUTE GASTRITIS,20071022
5351,ATROPHIC GASTRITIS,20071022
5352,GASTR MUCOSAL HYPERTROPH,20071022
5353,ALCOHOLIC GASTRITIS,20071022
5354,GASTRITIS NEC,20071022
5355,GASTRITIS/DUODENITIS NOS,20071022
5356,DUODENITIS,20071022
536,STOMACH FUNCTION DISORD,20071008
5364,GASTROSTOMY COMPLICATIONS,20071022
537,OTH GASTRODUODENAL DIS,20071008
5378,GASTRODUODENAL DIS NEC,20071022
540,ACUTE APPENDICITIS,20071008
543,OTH DISEASES OF APPENDIX,20071008
550,INGUINAL HERNIA,20071008
5500,INGUIN HERNIA W GANGRENE,20071022
5501,INGUIN HERNIA W OBSTRUCT,20071022
5509,INGUINAL HERNIA NOS,20071022
Diagnosis Code,Diagnosis_Description,"Last Change Date"
5510,FEMORAL HERNIA W GANGREN,20071022
5512,VENTRAL HERNIA W GANGREN,20071022
552,"OTH ABDOM HERNIA W OBSTR, W/OUT GANGRENE",20071008
5520,FEMORAL HERNIA W OBSTRUC,20071022
5522,VENTRAL HERNIA W OBSTRUC,20071022
553,"OTHER ABDOMINAL HERNIA, W/OUT OBSTRUCTION OR GANGRENE",20071008
5530,FEMORAL HERNIA,20071022
5532,VENTRAL HERNIA,20071022
555,REGIONAL ENTERITIS,20071008
556,IDIOPATHIC PROCTOCOLITIS,20071008
557,VASC INSUFF INTESTINE,20071008
558,OTH NONINF GASTROENTERIT,20071008
560,INTESTINAL OBSTRUCTION W/O HERNIA,20071008
5603,IMPACTION OF INTESTINE,20071022
5608,OTH INTESTINAL OBSTRUCT,20071022
562,DIVERTICULA OF INTESTINE,20071008
5620,DIVERTICULA SM INTESTINE,20071022
5621,DIVERTICULA OF COLON,20071022
564,FUNCT DIGESTIVE DIS NEC,20071008
5640,CONSTIPATION,20071022
5648,FUNCT DIS INTESTINE NEC,20071022
565,ANAL FISSURE & FISTULA,20071008
567,PERITONITIS,20071008
5672,SUPPURAT PERITONITIS NEC,20071022
5678,PERITONITIS NEC,20071022
568,OTH PERITONEAL DISORDERS,20071008
5688,DIS OF PERITONEUM NEC,20071022
569,OTH INTESTINAL DISORDERS,20071008
5694,OTHER RECTAL & ANAL DIS,20071022
5696,COLOSTOMY AND ENTEROSTOMY COMPLICATIONS,20071022
5698,INTESTINAL DISORDERS NEC,20071022
571,CHRONIC LIVER DISEASE AND CIRRHOSIS,20071008
5714,CHRONIC HEPATITIS,20071022
572,LIVER ABSCESS & SEQUELAE OF CHR LIVER DIS,20071008
573,OTH LIVER DISORDERS,20071008
574,CHOLELITHIASIS,20071008
5740,CHOLELITH W AC CHOLECYST,20071022
5741,CHOLELITH W CHOLECYS NEC,20071022
5742,CHOLELITHIASIS NOS,20071022
5743,CHOLEDOCHOLITH/AC GB INF,20071022
5744,CHOLEDOCHLITH/GB INF NEC,20071022
5745,CHOLEDOCHOLITHIASIS NOS,20071022
Diagnosis Code,Diagnosis_Description,"Last Change Date"
5747,CALCULUS OF GALLBLADDER AND BILE DUCT WITH OTHER CHOLECYSTITIS,20071022
5748,CALCULUS OF GALLBLADDER & BILE DUCT WITH ACUTE & CHRONIC CHOLECYSTITIS,20071022
5749,CALCULUS OF GALLBLADDER AND BILE DUCT WITHOUT CHOLECYSTITIS,20071022
575,OTH GALLBLADDER DISORDER,20071008
5751,CHOLECYSTITIS NEC,20071022
576,OTH DIS OF BILIARY TRACT,20071008
577,DISEASES OF PANCREAS,20071008
578,GASTROINTESTINAL HEMORR,20071008
579,INTESTINAL MALABSORPTION,20071008
580,ACUTE NEPHRITIS,20071008
581,NEPHROTIC SYNDROME,20071008
582,CHRONIC NEPHRITIS,20071008
5828,CHR NEPHRITIS W OTH LES,20071022
583,NEPHRITIS NOS,20071008
5838,NEPHRITIS NOS W OTH LES,20071022
584,ACUTE RENAL FAILURE,20071008
585,CHRONIC RENAL FAILURE,20071008
588,IMPAIRED RENAL FUNCTION,20071008
5888,IMPAIRED RENAL FUNCT NEC,20071022
589,SMALL KIDNEY,20071008
590,KIDNEY INFECTION,20071008
5900,CHRONIC PYELONEPHRITIS,20071022
5901,ACUTE PYELONEPHRITIS,20071022
5908,"OTHER PYELONEPHRITIS OR PYONEPHROSIS, NOT SPECIFIED AS ACUTE OR CHRON.",20071022
592,RENAL/URETERAL CALCULUS,20071008
593,OTH RENAL & URETERAL DIS,20071008
5937,VESICOURETERAL REFLUX,20071022
5938,OTH RENAL & URETERAL DIS,20071022
594,LOWER URIN TRACT CALCUL,20071008
595,CYSTITIS,20071008
5958,OTHER CYSTITIS,20071022
596,OTHER BLADDER DISORDERS,20071008
5965,BLADDER DYSFUNCTION NEC,20071022
597,URETHRITIS/URETHRAL SYND,20071008
5978,OTHER URETHRITIS,20071022
598,URETHRAL STRICTURE,20071008
5980,URETHRAL STRICT:INFECT,20071023
599,OTH URINARY TRACT DISOR,20071008
5996,URINARY OBSTRUCTION NOS,20071023
5998,URINARY TRACT DIS NEC,20071023
600,HYPERPLASIA OF PROSTATE,20071008
6000,HYPERTROPHY (BENIGN) OF PROSTATE,20071023
Diagnosis Code,Diagnosis_Description,"Last Change Date"
6002,BENIGN LOCALIZED HYPERPLASIA OF PROSTATE,20071023
601,PROSTATIC INFLAMMATION,20071008
602,OTH PROSTATIC DISORDERS,20071008
603,HYDROCELE,20071008
604,ORCHITIS & EPIDIDYMITIS,20071008
6049,ORCHITIS/EPIDIDYMIT NEC,20071023
606,MALE INFERTILITY,20071008
607,DISORDERS OF PENIS,20071008
6078,OTH DISORDERS OF PENIS,20071022
608,MALE GENITAL DIS NEC,20071008
6088,MALE GENITAL DIS NEC,20071023
610,BENIGN MAMMARY DYSPLASIA,20071008
611,OTHER BREAST DISORDERS,20071008
6117,SYMPTOMS IN BREAST,20071023
614,FEMALE PELVIC INFLAM DIS,20071008
615,UTERINE INFLAMMATORY DIS,20071008
616,OTH FEMALE GEN INFLAM,20071008
6161,VAGINITIS,20071023
6165,ULCERATION OF VULVA,20071023
6168,FEMALE GEN INFLAM NEC,20071023
617,ENDOMETRIOSIS,20071008
618,GENITAL PROLAPSE,20071008
6180,PROLAPSE OF VAGINAL WALL,20071023
6188,GENITAL PROLAPSE NEC,20071022
619,FEMALE GENITAL FISTULA,20071008
620,NONINFLAM DIS OVAR/ADNEX,20071008
621,DISORDERS OF UTERUS NEC,20071008
6213,ENDOMETRIAL HYPERPLASIA,20071023
622,NONINFLAMM DIS CERVIX,20071008
6221,DYSPLASIA OF CERVIX,20071023
623,NONINFLAMM DIS VAGINA,20071008
624,NONINFLAMM DIS VULVA,20071008
625,FEMALE GENITAL SYMPTOMS,20071008
626,DISORDER OF MENSTRUATION,20071008
627,MENOPAUSAL DISORDERS,20071008
628,FEMALE INFERTILITY,20071008
629,OTH FEMALE GENITAL DIS,20071008
6298,FEMALE GENITAL DIS NEC,20071023
633,ECTOPIC PREGNANCY,20071008
6330,ABDOMINAL PREGNANCY,20071023
6331,TUBAL PREGNANCY,20071023
6332,OVARIAN PREGNANCY,20071023
Diagnosis Code,Diagnosis_Description,"Last Change Date"
6339,ECTOPIC PREGNANCY NOS,20071022
634,SPONTANEOUS ABORTION,20071008
6340,SPON ABORT W PELVIC INF,20071023
6341,SPON ABORT W HEMORRHAGE,20071023
6342,SPON ABOR W PELVIC DAMAG,20071023
6343,SPON ABORT W RENAL FAIL,20071023
6344,SPON ABORT W METABOL DIS,20071023
6345,SPON ABORTION W SHOCK,20071023
6346,SPON ABORTION W EMBOLISM,20071023
6347,SPON ABORT W COMPL NEC,20071022
6348,SPON ABORT W COMPL NOS,20071023
6349,SPON ABORTION UNCOMPLIC,20071023
635,LEGALLY INDUCED ABORTION,20071008
6350,LEGAL ABORT W PELVIC INF,20071023
6351,LEGAL ABORT W HEMORRHAGE,20071023
6352,LEGAL ABORT W PELV DAMAG,20071023
6353,LEGAL ABORT W RENAL FAIL,20071023
6354,LEGAL ABOR W METABOL DIS,20071023
6355,LEGAL ABORTION W SHOCK,20071022
6356,LEGAL ABORT W EMBOLISM,20071023
6357,LEGAL ABORT W COMPL NEC,20071023
6358,LEGAL ABORT W COMPL NOS,20071023
6359,LEGAL ABORT UNCOMPLICAT,20071023
636,ILLEGAL INDUCED ABORTION,20071008
6360,ILLEG ABORT W PELVIC INF,20071023
6361,ILLEG ABORT W HEMORRHAGE,20071023
6362,ILLEG ABORT W PELV DAMAG,20071023
6363,ILLEG ABORT W RENAL FAIL,20071022
6364,ILLEG ABOR W METABOL DIS,20071023
6365,ILLEGAL ABORTION W SHOCK,20071023
6366,ILLEGAL ABORT W EMBOLISM,20071023
6367,ILLEG ABORT W COMPL NEC,20071023
6368,ILLEG ABORT W COMPL NOS,20071023
6369,ILLEGAL ABORT UNCOMPLIC,20071023
637,UNSPECIFIED ABORTION,20071008
6370,ABORT NOS W PELVIC INF,20071023
6371,ABORT NOS W HEMORRHAGE,20071022
6372,ABORT NOS W PELVIC DAMAG,20071023
6373,ABORT NOS W RENAL FAIL,20071023
6374,ABORT NOS W METABOL DIS,20071023
6375,ABORTION NOS W SHOCK,20071023
6376,ABORTION NOS W EMBOLISM,20071023
Diagnosis Code,Diagnosis_Description,"Last Change Date"
6378,ABORTION NOS W COMPL NOS,20071023
6379,ABORTION NOS UNCOMPLICAT,20071022
638,FAILED ATTEMPTED ABORT,20071008
639,COMPL FOLLOWING ABORTION,20071008
640,HEMORRHAGE IN EARLY PREG,20071008
6400,THREATENED ABORTION,20071023
6408,HEMORR IN EARLY PREG NEC,20071023
6409,HEMORR IN EARLY PREG NOS,20071023
641,ANTEPART HEM & PLAC PREV,20071008
6410,PLACENTA PREVIA W/O HEM,20071023
6411,HEMORR FROM PLACENT PREV,20071023
6412,PREM SEPARATION PLACENTA,20071023
6413,COAG DEF ANTEPART HEMORR,20071023
6418,ANTEPARTUM HEMORR NEC,20071022
6419,ANTEPARTUM HEMORR NOS,20071023
642,HYPERTENSION COMPL PREG,20071008
6420,ESSEN HYPERTEN COMP PREG,20071023
6421,RENAL HYPERTEN OF PREG,20071023
6422,OLD HYPERTEN PREG NEC,20071023
6423,TRANS HYPERTENSION PREG,20071023
6424,MILD/NOS PRE-ECLAMPSIA,20071023
6425,SEVERE PRE-ECLAMPSIA,20071023
6426,ECLAMPSIA,20071022
6427,TOXEMIA W OLD HYPERTEN,20071023
6429,HYPERTENS COMPL PREG NOS,20071023
643,EXCESS VOMITING IN PREG,20071008
6430,MILD HYPEREMESIS GRAVID,20071023
6431,HYPEREM GRAV W METAB DIS,20071023
6432,LATE VOMITING PREGNANCY,20071023
6438,VOMITING COMPL PREG NEC,20071023
6439,VOMITING PREGNANCY NOS,20071023
644,EARLY/THREATENED LABOR,20071008
6440,THREATEN PREMATURE LABOR,20071022
6441,THREATENED LABOR NEC,20071023
6442,EARLY ONSET OF DELIVERY,20071023
645,PROLONGED PREGNANCY,20071008
6451,POST TERM PREGNANCY (OVER 40 TO 42 WEEKS GESTATION),20071023
6452,PROLONGED PREGNANCY (BEYOND 42 WEEKS GESTATION),20071023
646,OTHER COMPL OF PREGNANCY,20071008
6460,PAPYRACEOUS FETUS,20071023
6461,EDEMA IN PREGNANCY,20071023
6462,RENAL DIS IN PREG NOS,20071023
Diagnosis Code,Diagnosis_Description,"Last Change Date"
6464,PERIPHERAL NEURITIS PREG,20071023
6465,ASYMPT BACTERIURIA PREG,20071023
6466,GU TRACT INFECT IN PREG,20071023
6467,LIVER DISORDER IN PREG,20071023
6468,PREGNANCY COMPL NEC,20071023
6469,PREGNANCY COMPL NOS,20071023
647,"INFECT & PARASIT DIS COMPLICATING PREG, CHILDBIRTH, OR PUERPERIUM",20071008
6470,SYPHILIS IN PREGNANCY,20071023
6471,GONORRHEA IN PREGNANCY,20071022
6472,OTH VENEREAL DIS IN PREG,20071023
6473,TUBERCULOSIS IN PREG,20071023
6474,MALARIA IN PREGNANCY,20071023
6475,RUBELLA IN PREGNANCY,20071023
6476,OTHER VIRAL DIS IN PREG,20071023
6478,INFECTIV DIS IN PREG NEC,20071023
6479,INFECTION IN PREG NOS,20071023
648,"OTH CURRENT COND COMPLICATING PREGNANCY, CHILDBIRTH OR PUERPERIUM",20071008
6480,DIABETES MELLIT IN PREG,20071022
6481,THYROID DYSFUNC IN PREG,20071023
6482,ANEMIA IN PREGNANCY,20071023
6483,DRUG DEPENDENCE IN PREG,20071023
6484,MENTAL DISORDERS IN PREG,20071023
6485,CONG CARDIOVAS DIS IN PG,20071023
6486,CARDIOVASCULAR DISEASES NEC OF THE MOTHER COMPLICATING THE PREGNANCY,20071023
6487,BONE DISORDER IN PREG,20071023
6488,ABN GLUC TOLERAN IN PREG,20071022
6489,OTH CURRENT COND OF PREG,20071023
651,MULTIPLE GESTATION,20071008
6510,TWIN PREGNANCY,20071023
6511,TRIPLET PREGNANCY,20071023
6512,QUADRUPLET PREGNANCY,20071023
6513,TWIN PRGNANCY/FETAL LOSS,20071023
6514,TRPL PRGNANCY/FETAL LOSS,20071023
6515,QUAD PRGNANCY/FETAL LOSS,20071023
6516,MULT PREG NEC/FETAL LOSS,20071022
6518,MULTIPLE GESTATION NEC,20071023
6519,MULTIPLE GESTATION NOS,20071023
652,MALPOSITION & MALPRESENTATION OF FETUS,20071008
6520,UNSTABLE LIE,20071023
6521,CEPHALIC VERSION NOS,20071023
6522,BREECH PRESENTATION,20071023
6523,TRANSVERSE/OBLIQUE LIE,20071023
Diagnosis Code,Diagnosis_Description,"Last Change Date"
6525,HIGH HEAD AT TERM,20071022
6526,MULT GEST W MALPRESENTAT,20071023
6527,PROLAPSED ARM,20071023
6528,MALPOSITION NEC,20071023
6529,MALPOSITION NOS,20071023
653,DISPROPORTION,20071008
6530,PELVIC DEFORMITY NOS,20071023
6531,CONTRACTED PELVIS NOS,20071023
6532,INLET CONTRACTION PELVIS,20071023
6533,OUTLET CONTRACT PELVIS,20071022
6534,FETOPELVIC DISPROPORTION,20071023
6535,FETAL DISPROPORTION NOS,20071023
6536,HYDROCEPH FETUS W DISPRO,20071023
6537,OTH FETAL ABN W DISPROP,20071023
6538,DISPROPORTION NEC,20071023
6539,DISPROPORTION NOS,20071023
654,ABN ORGANS & SOFT TISSUE OF PELVIS IN PREG,20071008
6540,CONG ABN UTERUS IN PREG,20071023
6541,UTERINE TUMOR IN PREG,20071022
6542,PREVIOUS C-SECTION NOS,20071023
6543,RETROVERT GRAVID UTERUS,20071023
6544,ABN SHAPE GRAVID UTERUS,20071023
6545,CERVIX INCOMPET IN PREG,20071023
6546,ABN CERVIX NEC IN PREG,20071023
6547,ABNORMAL VAGINA IN PREG,20071023
6548,ABNORMAL VULVA IN PREG,20071023
6549,ABN PELV ORG NEC IN PREG,20071022
655,FETAL ABN AFFECT MOTHER,20071008
6550,FETAL CNS MALFORMATION,20071023
6551,FETAL CHROMOSOMAL ABN,20071023
6552,FAM HERED DIS AFF FETUS,20071023
6553,FETAL DAMAGE D/T VIRUS,20071023
6554,FETAL DAMAGE D/T OTH DIS,20071023
6555,FETAL DAMAGE D/T DRUG,20071023
6556,RADIATION FETAL DAMAGE,20071023
6557,DECREASED FETAL MOVEMENTS,20071022
6558,FETAL ABNORMALITY NEC,20071023
6559,FETAL ABNORMALITY NOS,20071023
656,OTH FETAL PROB AFF MOTH,20071008
6560,FETAL-MATERNAL HEMORR,20071023
6561,RHESUS ISOIMMUNIZATION,20071023
6562,ABO ISOIMMUNIZATION,20071023
Diagnosis Code,Diagnosis_Description,"Last Change Date"
6564,INTRAUTERINE DEATH,20071023
6565,POOR FETAL GROWTH,20071022
6566,EXCESSIVE FETAL GROWTH,20071023
6567,OTH PLACENTAL CONDITIONS,20071023
6568,FETAL/PLACENTAL PROB NEC,20071023
6569,FETAL/PLACENTAL PROB NOS,20071023
657,POLYHYDRAMNIOS,20071008
6570,POLYHYDRAMNIOS,20071023
658,OTH AMNIOTIC CAVITY PROB,20071008
6580,OLIGOHYDRAMNIOS,20071023
6581,PREMAT RUPTURE MEMBRANES,20071023
6582,PROLONG RUPT MEMBRAN NOS,20071022
6583,DELAY DEL POSTARTIF RUPT,20071023
6584,INFECT AMNIOTIC CAVITY,20071023
6588,AMNIOTIC CAVITY PROB NEC,20071023
6589,AMNIOTIC CAVITY PROB NOS,20071023
659,OTH INDICAT CARE DELIVER,20071008
6590,FAIL MECHAN INDUCT LABOR,20071023
6591,FAIL INDUCTION LABOR NOS,20071023
6592,MATERN PYREXIA LABOR NOS,20071023
6593,SEPTICEMIA DURING LABOR,20071022
6594,GRAND MULTIPARITY,20071023
6595,ELDERLY PRIMIGRAVIDA,20071023
6596,ADVANCED MATERNL AGE NEC,20071023
6597,ABNORMALITY IN FETAL HEART RATE/RHYTHM,20071023
6598,INDICAT CARE LAB/DEL NEC,20071023
6599,INDICAT CARE LAB/DEL NOS,20071023
660,OBSTRUCTED LABOR,20071008
6600,OBSTR BY MALPOSIT FETUS,20071023
6601,OBSTRUCT BY BONY PELVIS,20071022
6602,OBSTR ABN PELV SOFT TISS,20071023
6603,PERSISTENT OCCIPITOPOST,20071023
6604,SHOULDER GIRDLE DYSTOCIA,20071023
6605,LOCKED TWINS,20071023
6606,FAILED TRIAL LABOR NOS,20071023
6607,FAIL FORCEP/VAC EXTR NOS,20071023
6608,OBSTRUCTED LABOR NEC,20071023
6609,OBSTRUCTED LABOR NOS,20071022
661,ABNORMAL FORCES OF LABOR,20071008
6610,PRIMARY UTERINE INERTIA,20071023
6611,SECONDAR UTERINE INERTIA,20071023
6612,UTERINE INERTIA NEC/NOS,20071023
Diagnosis Code,Diagnosis_Description,"Last Change Date"
6614,UTERINE DYSTOCIA NOS,20071023
6619,ABNORMALITY OF LABOR NOS,20071023
662,LONG LABOR,20071008
6620,PROLONGED FIRST STAGE,20071023
6621,PROLONGED LABOR NOS,20071022
6622,PROLONGED SECOND STAGE,20071023
6623,DELAY DELIVERY 2ND TWIN,20071023
663,UMBILICAL CORD COMPLIC,20071008
6630,PROLAPSE OF CORD,20071023
6631,COMPRESS CORD ROUND NECK,20071023
6632,CORD ENTANGL W COMPR NEC,20071023
6633,CORD ENTANGLE NEC/NOS,20071023
6634,SHORT UMBILICAL CORD,20071023
6635,VASA PREVIA,20071022
6636,VASCULAR LESIONS OF CORD,20071023
6638,UMBILICAL CORD COMPL NEC,20071023
6639,UMBILICAL CORD COMPL NOS,20071023
664,PERINEAL TRAUM W DELIVER,20071008
6640,DELIVERY W 1 DEG LACERAT,20071023
6641,DELIVERY W 2 DEG LACERAT,20071023
6642,DELIVERY W 3 DEG LACERAT,20071023
6643,DELIVERY W 4 DEG LACERAT,20071023
6644,DELIV W PERINEAL LAC NOS,20071022
6645,DELIV W PERINEAL HEMATOM,20071023
6648,DEL W PERINEAL TRAUM NEC,20071023
6649,DEL W PERINEAL TRAUM NOS,20071023
665,OTHER OBSTETRICAL TRAUMA,20071008
6650,RUPT UTERUS BEFORE LABOR,20071023
6651,RUPTURE OF UTERUS NOS,20071023
6652,INVERSION OF UTERUS,20071023
6653,LACERATION OF CERVIX,20071023
6654,HIGH VAGINAL LACERATION,20071022
6655,OTH INJURY PELVIC ORGANS,20071023
6656,DAMAGE TO PELVIC JOINTS,20071023
6657,PELVIC HEMATOMA,20071023
6658,OBSTETRICAL TRAUMA NEC,20071023
6659,OBSTETRICAL TRAUMA NOS,20071023
666,POSTPARTUM HEMORRHAGE,20071008
6660,THIRD-STAGE HEMORRHAGE,20071023
6661,POSTPARTUM HEMORR NEC,20071023
6662,DELAY POSTPARTUM HEMORR,20071022
6663,POSTPART COAGULATION DEF,20071023
Diagnosis Code,Diagnosis_Description,"Last Change Date"
6670,RETAIN PLACENTA W/O HEM,20071023
6671,RETAINED PRODUCT CONCEPT,20071023
668,COMPLICATIONS OF ANESTHETIC OR OTHER SEDATION IN LABOR AND DELIVERY,20071008
6680,ANESTH PULM COMPL IN DEL,20071023
6681,ANESTH CARD COMPL IN DEL,20071023
6682,ANESTH CNS COMPL IN DEL,20071023
6688,OTH COMPL ANESTH IN DEL,20071023
6689,COMPL ANESTH NOS IN DEL,20071022
669,OTH COMPL LABOR/DELIVERY NEC,20071008
6690,MATERNAL DISTRESS,20071023
6691,OBSTETRIC SHOCK,20071023
6692,MATERNAL HYPOTENSION SYN,20071023
6693,AC RENAL FAIL W DELIVERY,20071023
6694,OTH OBSTETRIC SURG COMPL,20071023
6695,FORCEPS DELIVERY NOS,20071023
6696,BREECH EXTRACTION NOS,20071023
6697,CESAREAN DELIVERY NOS,20071022
6698,COMPL LABOR/DELIVERY NEC,20071023
6699,COMPL LABOR/DELIVERY NOS,20071023
670,MAJOR PUERPERAL INFECT,20071008
6700,MAJOR PUERPERAL INFECT,20071023
671,VENOUS COMPLIC IN PREG,20071008
6710,VARIC VEIN LEG IN PREG,20071023
6711,VARICOSE VULVA IN PREG,20071023
6712,THROMBOPHLEBITIS IN PREG,20071023
6713,ANTEPAR DEEP VEIN THROMB,20071023
6714,DEEP VEIN THROMB-POSTPAR,20071022
6715,OTH THROMBOS COMPL PREG,20071023
6718,OTH VENOUS COMPL IN PREG,20071023
6719,VENOUS COMPL IN PREG NOS,20071023
672,PUERPERAL PYREXIA NOS,20071008
6720,PUERPERAL PYREXIA NOS,20071023
673,OB PULMONARY EMBOLISM,20071008
6730,OB AIR EMBOLISM,20071023
6731,AMNIOTIC FLUID EMBOLISM,20071023
6732,OB BLOOD-CLOT EMBOLISM,20071023
6733,OB PYEMIC/SEPTIC EMBOL,20071022
6738,OB PULMONARY EMBOL NEC,20071023
674,PUERPERAL COMPL NEC/NOS,20071008
6740,PUERPER CEREBROVASC DIS,20071023
6741,DISRUPT CESAREAN WOUND,20071023
6742,DISRUPT PERINEAL WOUND,20071023
Diagnosis Code,Diagnosis_Description,"Last Change Date"
6744,PLACENTAL POLYP,20071023
6748,PUERPERAL COMPL NEC/NOS,20071023
6749,PUERPERAL COMPLIC NOS,20071022
675,INFECT BREAST IN PREG,20071008
6750,INFECT OF NIPPLE IN PREG,20071023
6751,BREAST ABSCESS IN PREG,20071023
6752,MASTITIS IN PREG,20071023
6758,BREAST INFEC NEC IN PREG,20071023
6759,BREAST INFEC NOS IN PREG,20071023
676,OTH BREAST/LACT DIS PREG,20071008
6760,RETRACTED NIPPLE IN PREG,20071023
6761,CRACKED NIPPLE IN PREG,20071023
6762,ENGORGEMENT OF BREASTS,20071022
6763,BREAST DIS PREG NEC/NOS,20071023
6764,FAILURE OF LACTATION,20071023
6765,SUPPRESSED LACTATION,20071023
6766,GALACTORRHEA IN PREG,20071023
6768,OTHER LACTATION DISORDER,20071023
6769,LACTATION DISORDER NOS,20071023
680,CARBUNCLE AND FURUNCLE,20071008
681,"CELLULITIS, FINGER/TOE",20071008
6810,CELLULITIS OF FINGER,20071023
6811,CELLULITIS OF TOE,20071022
682,OTHER CELLULITIS/ABSCESS,20071008
685,PILONIDAL CYST,20071008
686,OTHER LOCAL INFECTIONS OF SKIN AND SUBCUTANEOUS TISSUE,20071008
6860,PYODERMA,20071023
690,"ERYTHEMATOSQUAMOUS DERMATOSIS-DANDRUFF, ECZEMA, PITYRIASIS, SEBORRHEA,",20071016
6901,SEBORRHEIC DERMATITIS,20071023
691,ATOPIC DERMATITIS,20071016
692,CONTACT DERMATITIS,20071016
6927,SOLAR RADIATION DERMAT,20071023
6928,OTHER DERMATITIS,20071023
693,DERMAT D/T INTERN AGENT,20071016
694,BULLOUS DERMATOSES,20071016
6946,BEN MUCOUS MEMB PEMPHIG,20071023
695,ERYTHEMATOUS CONDITIONS,20071016
6958,OTH ERYTHEMATOUS COND,20071023
696,PSORIASIS/LIKE DISORDERS,20071016
697,LICHEN,20071016
698,PRURITUS & LIKE COND,20071016
701,OTH SKIN HYPERTRO/ATROPH,20071016
Diagnosis Code,Diagnosis_Description,"Last Change Date"
7021,SEBORRHEIC KERATOSIS,20071023
703,DISEASES OF NAIL,20071016
704,HAIR & FOLLICLE DISEASE,20071016
7040,ALOPECIA,20071022
705,DISORDERS OF SWEAT GLAND,20071016
7058,OTH SWEAT GLAND DISORDER,20071023
706,SEBACEOUS GLAND DISEASE,20071016
707,CHRONIC ULCER OF SKIN,20071016
7070,DECUBITUS ULCER,20071023
7071,"CHRONIC ULCER OF LOWER LIMBS, EXCEPT DECUBITUS",20071023
708,URTICARIA,20071016
709,OTHER DISORDERS OF SKIN & SUBCUTANEOUS TISSUE,20071016
7090,DYSCHROMIA,20071023
710,DIFF CONNECTIVE TISS DIS,20071016
711,ARTHROPATHY W INFECTION,20071016
7110,PYOGENIC ARTHRITIS,20071023
7111,ARTHRITIS IN REITERS DIS,20071023
7112,ARTHRITIS IN BEHCETS SYN,20071023
7113,POSTDYSENTERIC ARTHRITIS,20071022
7114,ARTHRIT IN OTH BACT DIS,20071023
7115,ARTHRITIS IN VIRAL DIS,20071023
7116,MYCOTIC ARTHRITIS,20071023
7117,ARTHRIT IN HELMINTHIASIS,20071023
7118,ARTHRIT IN OTH INFEC DIS,20071023
7119,INFECTIVE ARTHRITIS NOS,20071023
712,CRYSTAL ARTHROPATHIES,20071016
7121,CHONDROCALC-DICALC PHOS,20071023
7122,CHONDROCALCIN-PYROPHOSPH,20071022
7123,CHONDROCALCINOSIS NOS,20071023
7128,CRYSTAL ARTHROPATHY NEC,20071023
7129,CRYSTAL ARTHROPATHY NOS,20071023
713,ARTHROPATH IN OTHER DIS,20071016
714,OTH INFLAMM POLYARTHROP,20071016
7143,JUV CHRON POLYARTHRITIS,20071023
7148,INFLAM POLYARTHROP NEC,20071023
715,OSTEOARTHROSIS ET AL,20071016
7150,GENERAL OSTEOARTHROSIS,20071023
7151,LOC PRIMARY OSTEOARTHROS,20071023
7152,LOCAL 2NDRY OSTEOARTHROS,20071022
7153,LOCAL OSTEOARTHROSIS NOS,20071023
7158,OSTEOARTHROSIS-MULT SITE,20071023
7159,OSTEOARTHROSIS NOS,20071023
Diagnosis Code,Diagnosis_Description,"Last Change Date"
7160,KASCHIN-BECK DISEASE,20071023
7161,TRAUMATIC ARTHROPATHY,20071023
7162,ALLERGIC ARTHRITIS,20071023
7163,CLIMACTERIC ARTHRITIS,20071023
7164,TRANSIENT ARTHROPATHY,20071022
7165,POLYARTHRITIS NOS,20071023
7166,MONOARTHRITIS NOS,20071023
7168,ARTHROPATHY NEC,20071023
7169,ARTHROPATHY NOS,20071023
717,INTERNAL DERANGEMNT KNEE,20071016
7174,DERANGEMENT LAT MENISCUS,20071023
7178,OTH INT DERANGEMENT KNEE,20071023
718,OTHER JOINT DERANGEMENT,20071016
7180,ARTICULAR CARTILAGE DIS,20071023
7181,LOOSE BODY IN JOINT,20071022
7182,PATHOLOGICAL DISLOCATION,20071023
7183,RECURRENT DISLOCATION,20071023
7184,CONTRACTURE OF JOINT,20071023
7185,ANKYLOSIS OF JOINT,20071023
7186,PROTRUSIO ACETABULI NOS,20071023
7187,DEVELOPMENTAL DISLOCATION OF JOINT (EXCLUDES CONGENITAL AND TRAUMATIC),20071023
7188,JOINT DERANGEMENT NEC,20071023
7189,DERANGEMENT OF JOINT NOS,20071022
719,JOINT DISORDER NEC & NOS,20070809
7190,EFFUSION OF JOINT,20071023
7191,HEMARTHROSIS,20071023
7192,VILLONODULAR SYNOVITIS,20071023
7193,PALINDROMIC RHEUMATISM,20071023
7194,PAIN IN JOINT,20071023
7195,STIFFNESS OF JOINT NEC,20070809
7196,JOINT SYMPTOMS NEC,20071023
7198,JOINT DISORDERS NEC,20071022
7199,JOINT DISORDER NOS,20071023
720,INFLAM SPONDYLOPATHIES,20071016
7208,OTH INFLAM SPONDYLOPATHY,20071023
721,SPONDYLOSIS ET AL,20071016
7214,THOR/LUM SPONDYL W MYELO,20071023
7219,SPONDYLOSIS NOS,20071023
722,INTERVERTEBRAL DISC DIS,20071016
7221,THORAC/LUMB DISC DISPLAC,20071023
7223,SCHMORL'S NODES,20071023
7225,THORAC/LUMBAR DISC DEGEN,20071023
Diagnosis Code,Diagnosis_Description,"Last Change Date"
7228,POSTLAMINECTOMY SYNDROME,20071023
7229,DISC DISORDER NEC/NOS,20071023
723,OTHER CERVICAL SPINE DIS,20071016
724,BACK DISORDER NEC & NOS,20071016
7240,SPINAL STENOSIS NEC,20071023
7247,DISORDERS OF COCCYX,20071023
726,PERIPH ENTHESOPATHIES,20071016
7261,ROTATOR CUFF SYNDR ET AL,20071023
7263,ENTHESOPATHY OF ELBOW,20071023
7266,ENTHESOPATHY OF KNEE,20071023
7267,ENTHESOPATHY OF ANKLE,20071022
7269,ENTHESOPATHY NOS,20071023
727,OTH DIS SYNOV/TEND/BURSA,20071016
7270,SYNOVITIS/TENOSYNOVITIS,20071023
7274,JOINT OR TENDON GANGLION,20071023
7275,RUPTURE OF SYNOVIUM,20071023
7276,NONTRAUM TENDON RUPTURE,20071023
7278,DIS SYNOV/TEND/BURSA NEC,20071023
728,"DISORDER OF MUSCLE, LIGAMENT, AND FASCIA",20071016
7281,MUSCULAR CALCIFICATION,20071023
7287,OTHER FIBROMATOSES,20071025
7288,OTH MUSCLE/LIGAMENT DIS,20071025
729,OTHER SOFT TISSUE DIS,20071016
7293,PANNICULITIS NOS,20071025
7298,OTH MUSCSKEL SYMPT LIMB,20071025
730,OSTEOMYELITIS,20071016
7300,ACUTE OSTEOMYELITIS,20071025
7301,CHRONIC OSTEOMYELITIS,20071025
7302,OSTEOMYELITIS NOS,20071025
7303,PERIOSTITIS,20071025
7307,POLIO OSTEOPATHY,20071025
7308,BONE INFECT IN OTH DIS,20071025
7309,BONE INFECTION NOS,20071025
731,OSTEITIS DEFORMANS,20071016
732,OSTEOCHONDROPATHIES,20071016
733,OTH BONE & CARTILAGE DIS,20071016
7330,OSTEOPOROSIS,20071025
7331,PATHOLOGICAL FRACTURE,20071025
7332,CYST OF BONE,20071025
7334,ASEPTIC NECROSIS OF BONE,20071025
7338,MALUNION OR NONUNION FX,20071025
7339,BONE/CARTIL DIS NEC/NOS,20071025
Diagnosis Code,Diagnosis_Description,"Last Change Date"
7472,CONG ANOM OF AORTA NEC,20071025
7474,ANOMALIES OF GREAT VEINS,20071025
7476,PERIPH VASCULAR ANOM NEC,20071025
7478,CIRCULATORY ANOMALY NEC,20071025
748,RESPIRATORY SYST ANOMALY,20071016
7486,OTHER ANOMALIES OF LUNG,20071025
749,CLEFT PALATE & CLEFT LIP,20071016
7490,CLEFT PALATE,20071025
7491,CLEFT LIP,20071025
7492,CLEFT PALATE W CLEFT LIP,20071025
750,OTHER UPPER GI ANOMALY,20071016
7501,TONGUE ANOMALY NEC,20071025
7502,MOUTH & PHARYNX ANOM NEC,20071025
751,OTH ANOM DIGESTIVE SYST,20071016
7516,BILIARY & LIVER ANOMALY,20071025
752,GENITAL ORGAN ANOMALIES,20071016
7521,TUBAL/BROAD LIG ANOM,20071025
7524,CERVIX/OTH FEM GEN ANOM,20071025
7525,UNDESCENDED AND RETRACTILE TESTICLE,20071025
7526,HYPOSPADIAS AND EPISPADIAS AND OTHER PENILE ANOMALIES,20071025
7528,OTHER SPECIFIED ANOMALIES OF GENITAL ORGANS,20071025
753,CONGENITAL ANOMALIES OF URINARY SYSTEM,20071016
7531,CYSTIC KIDNEY DISEASE,20071025
7532,CONGENITAL OBSTRUCTIVE DEFECTS OF RENAL PELVIS AND URETER,20071025
754,CONG MUSCULOSKEL DEFORM,20071016
7543,CONGEN HIP DISLOCATION,20071025
7544,CONG GENU RECURVAT/BOWNG,20071025
7545,CONG VARUS DEF OF FEET,20071025
7546,CONG VALGUS DEF OF FEET,20071025
7547,OTH CONG FOOT DEFORM,20071025
7548,OTH NONTERATOGENIC ANOM,20071025
755,OTH CONGEN LIMB ANOMALY,20071016
7550,POLYDACTYLY,20071025
7551,SYNDACTYLY,20071025
7552,REDUCT DEFORM UPPER LIMB,20071025
7553,REDUCT DEFORM LOWER LIMB,20071025
7555,OTH UPPER LIMB ANOMALIES,20071025
7556,OTH LOWER LIMB ANOMALIES,20071025
756,OTHER CONGENITAL MUSCULOSKELETAL ANOMALIES,20071016
7561,ANOMALIES OF SPINE,20071025
7565,OSTEODYSTROPHIES,20071025
7567,ABDOMINAL WALL ANOMALIES,20071025
Diagnosis Code,Diagnosis_Description,"Last Change Date"
757,CONGEN SKIN ANOMALIES,20071016
7573,OTHER SKIN ANOMALIES,20071025
758,CHROMOSOMAL ANOMALIES,20071016
7583,AUTOSOMAL DELETION SYND,20071025
7588,OTHER CONDITIONS DUE TO CHROMOSOME ANOMALIES,20071025
759,CONGEN ANOMALIES NEC/NOS,20071016
7598,CONGENITAL ANOMALIES NEC,20071025
760,MATERN COND AFF FETUS/NB,20071016
7607,NOXIOUS SUBSTANCE AFF NB,20071025
761,MATERNAL COMPL AFF NB,20071016
762,COMPL PLACEN/CORD AFF NB,20071016
763,OTH COMPL DELIV AFF NB,20071016
7638,COMPL DELIV NEC AFF NB,20071025
764,SLOW FETAL GROWTH/MALNUT,20071016
7640,LIGHT-FOR-DATES,20071025
7641,LIGHT-FOR-DATES W MALNUT,20071025
7642,FETAL MALNUTRITION NOS,20071025
7649,FETAL GROWTH RETARD NOS,20071025
765,SHORT GESTAT/LOW BIRTHWT,20071016
7650,EXTREME IMMATURITY,20071025
7651,PRETERM INFANTS NEC,20071025
766,LONG GESTAT/HIGH BIRTHWT,20071016
7662,"LATE INFANT, NOT HEAVY-FOR-DATES",20071025
767,BIRTH TRAUMA,20071016
7671,INJURIES TO SCALP,20071025
768,INTRAUTERINE ASPHYXIA,20071016
770,OTH FETUS/NB RESPIRATORY COND,20071016
7701,FETUS/NB MASSIVE ASPIRAT SYN,20071025
7708,POST-BIRTH RESP PROB NEC,20071025
771,PERINATAL INFECTION,20071016
7718,PERINATAL INFECTION NEC,20071025
772,FETAL/NEONATAL HEMORRHAG,20071016
7721,FETAL & NEONATAL INTRAVENTRICULAR HEMORRHAGE,20071025
773,NB HEMOLYT DIS:ISOIMMU,20071016
774,OTHER PERINATAL JAUNDICE,20071016
7743,OTH DELAY CONJUGAT JAUND,20071025
775,NB ENDOCRIN/METABOL DIS,20071016
776,HEMATOLOGICAL DIS OF NB,20071016
777,PERINATAL GI SYSTEM DIS,20071016
778,INTEGUMENT/TEMP COND NB,20071016
779,OTH PERINATAL CONDITION,20071016
7798,PERINATAL CONDITION NEC,20071025
Diagnosis Code,Diagnosis_Description,"Last Change Date"
7800,ALTERATION OF CONSCIOUSNESS,20071025
7803,CONVULSIONS,20071025
7805,SLEEP DISTURBANCES,20071025
7807,MALAISE AND FATIGUE,20070809
7809,GENERAL SYMPTOMS NEC,20071025
781,NERV/MUSCULSKEL SYS SYMP,20071016
7819,NERV/MUSCULSKEL SYM NEC,20071025
782,SKIN/OTH INTEGUMENT SYMP,20071016
7826,PALLOR & FLUSHING,20071025
783,NUTRIT/METAB/DEVEL SYMP,20071016
7832,ABNORMAL LOSS OF WEIGHT,20071025
7834,LACK NORM PHYSIOL DEVEL (INCLUDING FAILURE TO THRIVE),20071025
784,SYMPTOMS INVOL HEAD/NECK,20071016
7844,VOICE DISTURBANCE,20070809
7846,OTH SYMBOLIC DYSFUNCTION,20070809
7849,SYMP INVOL HEAD/NECK NEC,20071025
785,CARDIOVASCULAR SYS SYMP,20071016
7855,SHOCK WITHOUT TRAUMA,20071025
786,RESP SYS/OTH CHEST SYMP,20071016
7860,DYSPNEA/RESPIRATORY ABN,20071025
7865,CHEST PAIN,20071025
787,GI SYSTEM SYMPTOMS,20071016
7870,NAUSEA AND VOMITING,20071025
7879,GI SYSTEM SYMPTOMS NEC,20071025
788,URINARY SYSTEM SYMPTOMS,20071016
7882,RETENTION OF URINE,20071025
7883,INCONTINENCE OF URINE,20071025
7884,FREQ URINATION/POLYURIA,20071025
7886,URINATION ABNORM NEC,20071025
789,OTH ABDOMEN/PELVIS SYMP,20071016
7890,ABDOMINAL PAIN,20071025
7893,ABDOM/PELVIC SWELLNG NEC,20071025
7894,ABDOMINAL RIGIDITY,20071025
7896,ABDOMINAL TENDERNESS,20071025
790,NONSPECIFIC FINDINGS ON EXAMINATION OF BLOOD,20071016
7900,ABNORM RED BLOOD CELL,20071025
7902,ABN GLUCOSE TOLERAN TEST,20071025
7909,NONSPECIFIC BLOOD FINDINGS NEC,20071025
791,NONSPECIFIC URINE FINDINGS,20071016
792,ABN FIND-OTH BODY SUBST,20071016
793,ABN FIND-BODY STRUCT NOS,20071016
7938,ABNORMAL FINDINGS-BREAST,20071025
Diagnosis Code,Diagnosis_Description,"Last Change Date"
8033,CL SKULL FX NEC/HEM NEC,20071025
8034,CL SKL FX NEC/BR INJ NEC,20071025
8035,OPEN SKULL FRACTURE NEC,20071025
8036,OPN SKL FX NEC/CEREB LAC,20071025
8037,OPN SKL FX NEC/MENIN HEM,20071025
8038,OPN SKULL FX NEC/HEM NEC,20071025
8039,OP SKL FX NEC/BR INJ NEC,20071025
804,MULT FX SKULL W OTH BONE,20071016
8040,CL SKUL FX W OTH BONE FX,20071025
8041,CL SK W OTH FX/CEREB LAC,20071025
8042,CL SKL/OTH FX/MENING HEM,20071025
8043,CL SKUL W OTH FX/HEM NEC,20071025
8044,CL SKL/OTH FX/BR INJ NEC,20071025
8045,OPN SKULL FX/OTH BONE FX,20071025
8046,OPN SKL/OTH FX/CEREB LAC,20071025
8047,OPN SKL/OTH FX/MENIN HEM,20071025
8048,OPN SKL W OTH FX/HEM NEC,20071025
8049,OP SKL/OTH FX/BR INJ NEC,20071025
805,VERTEBRL FX W/O CORD INJ,20071016
8050,FX CERVICAL VERTEBRA-CL,20071025
8051,FX CERVICAL VERTEBRA-OPN,20071025
806,VERTEBRAL FX W CORD INJ,20071016
8060,CLOS CERV FX W CORD INJ,20071025
8061,OPEN CERV FX W CORD INJ,20071025
8062,CL DORSAL FX W CORD INJ,20071025
8063,OPN DORSAL FX W CORD INJ,20071025
8066,FX SACRUM-CL W CORD INJ,20071025
8067,FX SACRUM-OPN W CORD INJ,20071025
807,FX RIB/STERN/LARYN/TRACH,20071016
8070,FRACTURE OF RIB-CLOSED,20071025
8071,FRACTURE OF RIB-OPEN,20071025
808,PELVIC FRACTURE,20071016
8084,OTH PELVIC FRACTURE-CLOS,20071025
8085,OTH PELVIC FRACTURE-OPEN,20071025
809,FRACTURE OF TRUNK BONES,20071016
810,CLAVICLE FRACTURE,20071016
8100,FRACTURE CLAVICLE-CLOSED,20071025
8101,FRACTURE CLAVICLE-OPEN,20071025
811,SCAPULA FRACTURE,20071016
8110,FRACTURE SCAPULA-CLOSED,20071025
8111,FRACTURE OF SCAPULA-OPEN,20071025
812,HUMERUS FRACTURE,20071016
Diagnosis Code,Diagnosis_Description,"Last Change Date"
8121,FX UPPER HUMERUS-OPEN,20071025
8122,FX HUMERUS SHAFT/NOS-CL,20071025
8123,FX HUMERUS SHAFT/NOS-OPN,20071025
8124,FX LOWER HUMERUS-CLOSED,20071025
8125,FX LOWER HUMERUS-OPEN,20071025
813,RADIUS & ULNA FRACTURE,20071016
8130,FX UPPER RADIUS/ULNA-CL,20071025
8131,FX UPPER RADIUS/ULNA-OPN,20071025
8132,FX RADIUS/ULNA SHAFT-CL,20071025
8133,FX RADIUS/ULNA SHAFT-OPN,20071025
8134,FX LOWER RADIUS/ULNA-CL,20071025
8135,FX LOW RADIUS W/ULNA-OPN,20071025
8138,FX RADIUS/ULNA NOS-CLOSE,20071025
8139,FX RADIUS/ULNA NOS-OPEN,20071025
814,CARPAL FRACTURE,20071016
8140,FRACTURE CARPAL BONE-CL,20071025
8141,FRACTURE CARPAL BONE-OPN,20071025
8148,"FRACTURE OF HAMATE, UNCIFORM, BONE",20071025
815,METACARPAL FRACTURE,20071016
8150,FRACTURE METACARPAL-CLOS,20071025
8151,FRACTURE METACARPAL-OPEN,20071025
816,"FRACTURE PHALANGES, HAND",20071016
8160,"FX PHALANGES, HAND-CLOSE",20071025
8161,"FX PHALANGES, HAND-OPEN",20071025
817,MULTIPLE HAND FRACTURES,20071016
818,FRACTURE ARM MULT/NOS,20071016
819,FX ARMS W RIB/STERNUM,20071016
820,FRACTURE NECK OF FEMUR,20071022
8200,TRANSCERV FX FEMUR-CLOSE,20071025
8201,TRANSCERV FX FEMUR-OPEN,20071025
8202,PERTROCHANTERIC FX-CLOS,20071025
8203,PERTROCHANTERIC FX-OPEN,20071025
821,OTHER FEMORAL FRACTURE,20071022
8210,FX FEMUR SHAFT/NOS-CLOSE,20071025
8211,FX FEMUR SHAFT/NOS-OPEN,20071025
8212,FX LOWER END FEMUR-CLOSE,20071025
8213,FX LOWER END FEMUR-OPEN,20071025
822,PATELLA FRACTURE,20071022
823,TIBIA & FIBULA FRACTURE,20071022
8230,FX UPPER TIBIA/FIBULA-CL,20071025
8231,FX UPPER TIBIA/FIBULA-OP,20071025
8232,FX SHAFT TIB/FIB-CLOSED,20071025
Diagnosis Code,Diagnosis_Description,"Last Change Date"
8238,FX TIBIA/FIBULA NOS-CLOS,20071025
8239,FX TIBIA/FIBULA NOS-OPEN,20071025
824,ANKLE FRACTURE,20071022
825,FX OF TARSAL/METATARSAL,20071022
8252,FX TARSL/METATARS NEC-CL,20071025
8253,FX TARS/METATARS NEC-OPN,20071025
826,"FRACTURE PHALANGES, FOOT",20071022
827,LOWER LIMB FRACTURE NEC,20071022
828,FX LEGS W ARM/RIB,20071022
829,FRACTURE NOS,20071022
830,JAW DISLOCATION,20071022
831,SHOULDER DISLOCATION,20071022
8310,DISLOCAT SHOULDER-CLOSED,20071025
8311,DISLOCAT SHOULDER-OPEN,20071025
832,ELBOW DISLOCATION,20071022
8320,DISLOCATION ELBOW-CLOSED,20071025
8321,DISLOCATION ELBOW-OPEN,20071025
833,WRIST DISLOCATION,20071022
8330,DISLOCATION WRIST-CLOSED,20071025
8331,DISLOCATION WRIST-OPEN,20071025
834,DISLOCATION OF FINGER,20071022
8340,DISLOCAT FINGER-CLOSED,20071025
8341,DISLOCAT FINGER-OPEN,20071025
835,DISLOCATION OF HIP,20071022
8350,DISLOCATION HIP-CLOSED,20071025
8351,DISLOCATION HIP-OPEN,20071025
836,DISLOCATION OF KNEE,20071022
8365,OTH DISLOCAT KNEE-CLOSED,20071025
8366,OTH DISLOCAT KNEE-OPEN,20071025
837,DISLOCATION OF ANKLE,20071022
838,DISLOCATION OF FOOT,20071022
8380,DISLOCATION FOOT-CLOSED,20071025
8381,DISLOCATION FOOT-OPEN,20071025
839,DISLOCATION NEC,20071022
8390,DISLOC CERVICAL VERT-CL,20071025
8391,DISLOC CERVICAL VERT-OPN,20071025
8392,DISLOC THOR/LUMB VERT-CL,20071025
8393,DISL THORA/LUMB VERT-OPN,20071025
8394,OTH DISLOCAT VERTEBRA-CL,20071025
8395,OTH DISLOC VERTEBRA-OPEN,20071025
8396,DISLOCAT OTH SITE-CLOSED,20071025
8397,DISLOCAT OTH SITE-OPEN,20071025
Diagnosis Code,Diagnosis_Description,"Last Change Date"
841,SPRAIN ELBOW & FOREARM,20071022
842,SPRAIN WRIST & HAND,20071022
8420,SPRAIN OF WRIST,20071025
8421,SPRAIN OF HAND,20071025
843,SPRAIN OF HIP & THIGH,20071022
844,SPRAIN OF KNEE & LEG,20071022
845,SPRAIN OF ANKLE & FOOT,20071022
8450,SPRAIN OF ANKLE,20071025
8451,SPRAIN OF FOOT,20071025
846,SPRAIN SACROILIAC REGION,20071022
847,SPRAIN OF BACK NEC/NOS,20071022
848,SPRAIN NEC,20071022
8484,SPRAIN OF STERNUM,20071025
850,CONCUSSION,20071022
8501,CONCUSSION-BRIEF COMA,20071025
851,CEREBRAL LACER/CONTUSION,20071022
8510,CORTEX CONTUSION,20071025
852,MENINGEAL HEM FOLLOW INJ,20071022
8520,TRAUM SUBARACHNOID HEM,20071025
8521,SUBARACH HEM W OPN WOUND,20071025
8522,TRAUMATIC SUBDURAL HEM,20071025
8523,SUBDURAL HEM W OPN WOUND,20071025
8524,TRAUMATIC EXTRADURAL HEM,20071025
8525,EXTRADURAL HEM W OPN WND,20071025
853,OTH TRAUMATIC BRAIN HEM,20071022
8530,TRAUMATIC BRAIN HEM NEC,20071025
8531,BRAIN HEM NEC W OPN WND,20071025
854,OTHER BRAIN INJURY,20071022
8540,BRAIN INJURY NEC,20071025
8541,BRAIN INJ NEC W OPN WND,20071025
860,TRAUM PNEUMOHEMOTHORAX,20071022
861,HEART & LUNG INJURY,20071022
8610,HEART INJURY-CLOSED,20071025
8611,HEART INJURY-OPEN,20071025
8612,LUNG INJURY-CLOSED,20071025
8613,LUNG INJURY-OPEN,20071025
862,INTRATHORACIC INJURY NEC,20071022
8622,OTH INTRATHORACIC INJ-CL,20071025
8623,OTH INTRATHORAC INJ-OPEN,20071025
863,GI TRACT INJURY,20071022
8632,SMALL INTESTINE INJ-CLOS,20071025
8633,SMALL INTESTINE INJ-OPEN,20071025
Diagnosis Code,Diagnosis_Description,"Last Change Date"
8635,COLON INJURY-OPEN,20071025
8638,GI INJURY NEC-CLOSED,20071025
8639,GI INJURY NEC-OPEN,20071025
864,LIVER INJURY,20071022
8640,LIVER INJURY-CLOSED,20071025
8641,LIVER INJURY-OPEN,20071025
865,SPLEEN INJURY,20071022
8650,SPLEEN INJURY-CLOSED,20071025
8651,SPLEEN INJURY-OPEN,20071025
866,KIDNEY INJURY,20071022
8660,KIDNEY INJURY-CLOSED,20071025
8661,KIDNEY INJURY-OPEN,20071025
867,PELVIC ORGAN INJURY,20071022
868,OTH INTRA-ABDOMINAL INJ,20071022
8680,OTH INTRA-ABD INJ-CLOSED,20071025
8681,OTH INTRA-ABD INJ-OPEN,20071025
869,INTERNAL INJURY NOS,20071022
870,OCULAR ADNEXA OPEN WOUND,20071022
871,EYEBALL OPEN WOUND,20071022
872,OPEN WOUND OF EAR,20071022
8720,OPEN WOUND EXTERNAL EAR,20071025
8721,OPEN WOUND EXT EAR-COMPL,20071025
8726,OPEN WOUND OF EAR NEC,20071025
8727,OPEN WOUND EAR NEC-COMPL,20071025
873,OTHER OPEN WOUND OF HEAD,20071022
8732,OPEN WOUND OF NOSE,20071025
8733,OPEN WOUND NOSE-COMPL,20071025
8734,OPEN WOUND OF FACE,20071025
8735,OPEN WOUND FACE-COMPL,20071025
8736,OPN WOUND INTERNAL MOUTH,20071025
8737,OPEN WND INT MOUTH-COMPL,20071025
874,OPEN WOUND OF NECK,20071022
8740,OPN WOUND LARYNX/TRACHEA,20071025
8741,OPN WND LARYN/TRACH-COMP,20071025
875,OPEN WOUND OF CHEST,20071022
876,OPEN WOUND OF BACK,20071022
877,OPEN WOUND OF BUTTOCK,20071022
878,OPEN WOUND GENITAL ORGAN,20071022
879,OPEN WOUND SITE NEC,20071022
880,OPN WND SHOULDR/UPPR ARM,20071022
8800,OPN WND SHOULDR/UPPR ARM,20071025
8801,OPN WND SHLD/UP ARM-COMP,20071025
Diagnosis Code,Diagnosis_Description,"Last Change Date"
881,OPEN WOUND OF LOWER ARM,20071022
8810,OPEN WOUND OF LOWER ARM,20071025
8811,OPEN WOUND LOW ARM-COMPL,20071025
8812,OPN WND LOW ARM W TENDON,20071025
882,OPEN WOUND OF HAND,20071022
883,OPEN WOUND OF FINGER,20071022
884,OPEN WOUND ARM MULT/NOS,20071022
885,TRAUM AMPUTATION THUMB,20071022
886,TRAUM AMPUTATION FINGER,20071022
887,TRAUMATIC AMPUT ARM/HAND,20071022
890,OPEN WOUND OF HIP/THIGH,20071022
891,OPEN WND KNEE/LEG/ANKLE,20071022
892,OPEN WOUND OF FOOT,20071022
893,OPEN WOUND OF TOE,20071022
894,OPEN WOUND OF LEG NEC,20071022
895,TRAUMATIC AMPUTATION TOE,20071022
896,TRAUMATIC AMPUTAT FOOT,20071022
897,TRAUMATIC AMPUTATION LEG,20071022
900,HEAD/NECK VESSEL INJURY,20071022
9000,CAROTID ARTERY INJURY,20071025
9008,INJ HEAD/NECK VESSEL NEC,20071025
901,THORAC BLOOD VESSEL INJ,20071022
9014,INJURY PULMONARY VESSEL,20071025
9018,INJ THORACIC VESSEL NEC,20071025
902,ABDOM/PELVIS VESSEL INJ,20071022
9021,INJ INFERIOR VENA CAVA,20071025
9022,INJ CELIAC/MESENTER ART,20071025
9023,PORTAL/SPLENIC VEIN INJ,20071025
9024,RENAL VESSEL INJURY,20071025
9025,ILIAC VESSEL INJURY,20071025
9028,INJ ABDOMINAL VESSEL NEC,20071025
903,ARM BLOOD VESSEL INJURY,20071022
9030,INJURY AXILLARY VESSELS,20071025
904,BLOOD VESSEL INJURY NEC,20071022
9044,INJURY POPLITEAL VESSEL,20071025
9045,INJURY TIBIAL VESSELS,20071025
905,LATE EFF MUSCULOSKEL INJ,20071022
906,LATE EFF SKIN/SUBCUT INJ,20071022
907,LATE EFF NERV SYSTEM INJ,20071022
908,LATE EFF INJURY NEC/NOS,20071022
909,LATE EFF EXTER CAUSE NEC,2007 022
910,SUPERFICIAL INJURY HEAD,20071022
Diagnosis Code,Diagnosis_Description,"Last Change Date"
912,SUPERFIC INJ SHOULDR/ARM,20071022
913,SUPERFICIAL INJ FOREARM,20071022
914,SUPERFICIAL INJ OF HAND,20071022
915,SUPERFICIAL INJ FINGER,20071022
916,SUPERFICIAL INJ HIP/LEG,20071022
917,SUPERFICIAL INJ FOOT/TOE,20071022
918,SUPERFIC INJ EYE/ADNEXA,20071022
919,SUPERFICIAL INJ OTH SITE,20071022
921,CONTUSION EYE & ADNEXA,20071022
922,CONTUSION OF TRUNK,20071022
9223,CONTUSION OF BACK,20071025
923,CONTUSION OF UPPER LIMB,20071022
9230,CONTUSION SHOULDER/ARM,20071025
9231,CONTUSION ELBOW/FOREARM,20071025
9232,CONTUSION OF WRIST/HAND,20071025
924,CONTUSION LEG & OTH SITE,20071022
9240,CONTUSION OF HIP & THIGH,20071025
9241,CONTUSION KNEE/LOWER LEG,20071025
9242,CONTUSION ANKLE & FOOT,20071025
925,"CRUSHING INJURY, FACE/SCALP/NECK",20071022
926,CRUSHING INJURY OF TRUNK,20071022
9261,OTH TRUNK CRUSHING INJ,20071025
927,CRUSHING INJ UPPER LIMB,20071022
9270,CRUSH INJ SHOULDER & ARM,20071025
9271,CRUSH INJ ELBOW/FOREARM,20071025
9272,CRUSHING INJ WRIST/HAND,20071025
928,CRUSHING INJURY OF LOWER LIMB,20071022
9280,CRUSHING INJ HIP/THIGH,20071025
9281,CRUSH INJ KNEE/LOWER LEG,20071025
9282,CRUSHING INJ ANKLE/FOOT,20071025
930,FOREIGN BODY EXTERN EYE,20071022
933,FB PHARYNX & LARYNX,20071022
934,FB TRACHEA/BRONCHUS/LUNG,20071022
935,FB MOUTH/ESOPHAG/STOMACH,20071022
939,FOREIGN BODY GU TRACT,20071022
940,BURN OF EYE & ADNEXA,20071022
941,BURN OF HEAD/FACE/NECK,20071022
9410,BURN NOS HEAD/FACE/NECK,20071025
9411,1ST DEGREE BURN HEAD,20071025
9412,2ND DEGREE BURN HEAD,20071025
9413,3RD DEGREE BURN HEAD,20071025
9414,DEEP 3RD DEG BURN HEAD,20071025
Diagnosis Code,Diagnosis_Description,"Last Change Date"
942,BURN OF TRUNK,20071022
9420,BURN NOS TRUNK,20071025
9421,1ST DEGREE BURN TRUNK,20071025
9422,2ND DEGREE BURN TRUNK,20071025
9423,3RD DEGREE BURN TRUNK,20071025
9424,DEEP 3RD DEG BURN TRUNK,20071025
9425,3 DEG BURN W LOSS-TRUNK,20071025
943,BURN OF ARM,20071022
9430,BURN NOS ARM,20071025
9431,1ST DEGREE BURN ARM,20071025
9432,2ND DEGREE BURN ARM,20071025
9433,3RD DEGREE BURN ARM,20071025
9434,DEEP 3RD DEG BURN ARM,20071025
9435,3RD DEG BURN W LOSS-ARM,20071025
944,BURN OF HAND & WRIST,20071022
9440,BURN NOS HAND & WRIST,20071025
9441,1ST DEGREE BURN HAND,20071025
9442,2ND DEGREE BURN HAND,20071025
9443,3RD DEGREE BURN HAND,20071025
9444,DEEP 3RD DEG BURN HAND,20071025
9445,3RD DEG BURN W LOSS-HAND,20071025
945,BURN OF LEG,20071022
9450,BURN NOS LEG,20071025
9451,1ST DEGREE BURN LEG,20071025
9452,2ND DEGREE BURN LEG,20071025
9453,3RD DEGREE BURN LEG,20071025
9454,DEEP 3RD DEGREE BURN LEG,20071025
9455,3RD DEG BURN W LOSS-LEG,20071025
946,BURN OF MULTIPLE SITE,20071022
947,BURN OF INTERNAL ORGANS,20071022
948,BURN BY % BODY SURFACE,20071022
9480,BODY SURFACE BURN < 10%,20071025
9481,10-19% BODY SURFACE BURN,20071025
9482,20-29% BODY SURFACE BURN,20071025
9483,30-39% BODY SURFACE BURN,20071025
9484,40-49% BODY SURFACE BURN,20071025
9485,50-59% BODY SURFACE BURN,20071025
9486,60-69% BODY SURFACE BURN,20071025
9487,70-79% BODY SURFACE BURN,20071025
9488,80-89% BODY SURFACE BURN,20071025
9489,90% OR MORE BDY SURF BRN,20071025
949,BURN UNSPECIFIED,20071022
Diagnosis Code,Diagnosis_Description,"Last Change Date"
951,CRANIAL NERVE INJURY NEC,20071022
952,SPINAL CORD INJ W/O FX,20071022
9520,CERVICAL SPINAL CORD INJ,20071025
9521,DORSAL SPINAL CORD INJUR,20071025
953,INJ NERVE ROOT/SPIN PLEX,20071022
954,INJURY OTH TRUNK NERVE,20071022
955,INJ PERIPH NERV SHLD/ARM,20071022
956,INJ PERIPH NERV PELV/LEG,20071022
957,INJURY TO NERVE NEC/NOS,20071022
958,EARLY COMPLIC OF TRAUMA,20071022
959,INJURY NEC/NOS,20071022
9590,FACE AND NECK INJURY NOS,20071025
9591,TRUNK INJURY,20071025
960,POISONING BY ANTIBIOTICS,20071022
961,POISONING-ANTI-INFEC NEC,20071022
962,POISONING BY HORMONES,20071022
963,POISONING-SYSTEMIC AGENT,20071022
964,POIS-BLOOD AFFECTING AGT,20071022
965,POIS-ANALGESIC/ANTIPYRET,20071022
9650,POISONING-OPIATES,20071025
9656,POISONING-ANTIRHEUMATICS,20071025
966,POISON-ANTICONVULSANTS,20071022
967,POISON-SEDATIVE/HYPNOTIC,20071022
968,POISONING-CNS DEPRESSANT,20071022
969,POISON-PSYCHOTROPIC AGT,20071022
970,POISONING-CNS STIMULANTS,20071022
971,POISON-AUTONOMIC AGENT,20071022
972,POISON-CARDIOVASC AGENT,20071022
973,POISONING-GI AGENTS,20071022
974,POIS-WATER/MIN/METAB AGT,20071022
975,POISONING-MUSCLE AGENT,20071022
976,POIS-SKIN/EENT/DENT AGT,20071022
977,POIS-MEDICINAL NEC/NOS,20071022
978,POISONING-BACT VACCINES,20071022
979,POIS-OTH VACCINE/BIOLOG,20071022
980,ALCOHOL TOXICITY,20071022
982,TOXIC EFFECT SOLVENT NEC,20071022
984,TOXIC EFF LEAD & COMPND,20071022
985,TOXIC EFFECT OTH METALS,20071022
987,TOXIC  EFF GAS/VAPOR NEC,20071022
988,TOXIC EFF NOXIOUS FOOD,20071022
989,TOX EFF OTH NONMED SUBST,20071022
Diagnosis Code,Diagnosis_Description,"Last Change Date"
990,EFFECTS RADIATION NOS,20071022
991,EFF REDUCED TEMPERATURE,20071022
992,EFFECT OF HEAT/LIGHT,20071022
993,EFFECTS OF AIR PRESSURE,20071022
994,EFFECT EXTERNAL CAUS NEC,20071022
995,CERTAIN ADVERSE EFF NEC,20071022
9952,ADV EFF MED/BIOL SUB NOS,20071025
9955,CHILD MALTREATMENT SYND,20071025
9956,ANAPHYLACTIC SHOCK DUE TO ADVERSE FOOD REACTION (NONPOISONOUS FOODS),20071025
9958,"OTHER SPECIFIED ADVERSE EFFECTS,  NOT ELSEWHERE CLASSIFIED",20071025
9959,SYSTEMIC INFLAMMATORY RESPONSE SYNDROME (SIRS),20071025
996,"COMPLICATIONS, CERTAIN SPECIFIED PROCEDURES",20071022
9960,MALFUNC CARD DEVIC/GRAFT,20071025
9963,MALFUNC GU DEVICE/GRAFT,20071025
9964,MALF INT ORTHPED DEV/GRF,20071025
9965,MALFUNC DEVICE/GRAFT NEC,20071025
9966,INFEC/INFLAM-DEVIC/GRAFT,20071025
9967,COMPLIC BIOLOGICAL/SYNTHETIC DEVICE/GRAFT NEC,20071025
9968,COMPL TRANSPLANTED ORGAN,20071025
9969,COMPL REATTACHED PART,20071025
997,NERVOUS SYSTEM COMPLICATIONS DURING OR RESULTING FROM A PROCEDURE,20071022
9970,SURG COMPLICATION-CNS,20071025
9976,AMPUTATION STUMP COMPLICATION,20071025
9977,"VASCULAR COMPLICATIONS OF OTHER VESSELS, EXCLUDING PERIPHERAL",20071025
9979,SURG COMPL-BODY SYST NEC,20071025
998,OTH SURGICAL COMPL NEC,20071022
9981,HEMORRHAGE OR HEMATOMA OR SEROMA COMPLICATING A PROCEDURE,20071025
9983,POSTOP WOUND DISRUPTION,20071025
9985,POSTOPERATIVE INFECTION,20071025
9988,SURGICAL COMPLICAT NEC,20071025
999,COMPLIC MEDICAL CARE NEC,20071022
E0988,INJURY RESULTING FROM OTHER CATACLYSMIC STORMS,20071025
E800,RR COLLISION NOS,20071025
E801,RR COLL W OTH OBJECT,20071025
E802,RR ACCIDENT W DERAILMENT,20071025
E803,RR ACCIDENT W EXPLOSION,20071025
E804,FALL ON/FROM TRAIN,20071025
E805,HIT BY ROLLING STOCK,20071025
E806,RAILWAY ACCIDENT NEC,20071025
E807,RAILWAY ACCIDENT NOS,20071025
E810,VEHICLE-TRAIN COLLISION,20071025
E811,MV REENTRANT COLLISION,20071025
Diagnosis Code,Diagnosis_Description,"Last Change Date"
E813,MV-OTH VEHICLE COLLISION,20071025
E814,MV COLLISION W PEDEST,20071025
E815,MV COLLISION W OTH OBJ,20071025
E816,LOSS OF CONTROL MV ACC,20071025
E817,MV TRAF ACC-BOARD/ALIGHT,20071025
E818,MV TRAFFIC ACCIDENT NEC,20071025
E819,MV TRAFFIC ACCIDENT NOS,20071025
E820,SNOW VEHICLE ACCIDENT,20071025
E821,OTH OFF-RD MV N-TRAF ACC,20071025
E822,OTH MV COLL W MOVING OBJ,20071025
E823,OTH MV COLL W STNDNG OBJ,20071025
E824,MV N-TRAFF BOARD/ALIGHT,20071025
E825,MV N-TRAFFIC ACC NEC/NOS,20071025
E826,PEDAL CYCLE ACCIDENT,20071025
E827,ANIMAL DRAWN VEHICLE ACC,20071025
E828,RIDDEN ANIMAL ACCIDENT,20071025
E829,OTHER ROAD VEHICLE ACC,20071025
E830,BOAT ACC W SUBMERSION,20071025
E831,BOAT ACC W OTH INJURY,20071025
E832,BOAT ACC W SUBMERS NEC,20071025
E833,WATERCRAFT STAIRWAY FALL,20071025
E834,FALL IN WATERCRAFT NEC,20071025
E835,FALL IN WATERCRAFT NOS,20071025
E836,WATERCRAFT MACHINERY ACC,20071025
E837,WATERCRAFT EXPLOSION,20071025
E838,WATERCRAFT ACC NEC/NOS,20071025
E840,TAKEOFF/LANDING ACCIDENT,20071025
E841,POWERED AIRCRAFT ACC NEC,20071025
E842,UNPOWERED AIRCRAFT ACC,20071025
E843,FALL IN/ON/FROM AIRCRAFT,20071025
E844,AIR TRANSPORT ACC NEC,20071025
E845,SPACECRAFT ACCIDENT,20071025
E849,PLACE OF OCCURRENCE,20071025
E850,ACC POISON-ANALGESIC,20071025
E852,ACC POISON-SEDATIVES NEC,20071025
E853,ACC POISON-TRANQUILIZERS,20071025
E854,ACC POISN-PSYCHTROPC NEC,20071025
E855,ACC POISON-CNS DRUGS NEC,20071025
E858,ACC POISONING-DRUGS NEC,20071025
E860,ACC POISON-ALCOHOL NEC,20071025
E861,ACC POISN-CLEANSING AGNT,20071025
E862,ACC POIS-PETRLEUM/SOLVNT,20071025
Diagnosis Code,Diagnosis_Description,"Last Change Date"
E926,RADIATION EXPOSURE ACCID,20071025
E928,ACCIDENTS NEC & NOS,20071025
E929,LATE EFF OF ACCID INJURY,20071025
E930,ADV EFF ANTIBIOTICS,20071025
E931,ADV EFF ANTI-INFECTV NEC,20071025
E932,ADVERSE EFFECT HORMONES,20071025
E933,ADV EFF SYSTEMIC AGENTS,20071025
E934,ADV EFF BLOOD AGENT,20071025
E935,ADV EFF ANALGESICS,20071025
E936,ADV EFF ANTICONVULSANTS,20071025
E937,SEDATIVES AND HYPNOTICS,20071025
E938,ADV EFF CNS DEPRESSANT,20071025
E939,ADV EFF PSYCHOTROPIC AGT,20071025
E940,ADV EFF CNS STIMULANTS,20071025
E941,ADV EFF AUTONOMIC AGENT,20071025
E942,ADV EFF CARDIOVASC AGENT,20071025
E943,ADVERSE EFFECT GI AGENT,20071025
E944,ADV EFF WATER/MIN METAB,20071025
E945,ADVERSE EFFECT MUSCL AGT,20071025
E946,ADV EFF SKIN/EENT AGENT,20071025
E947,ADV EFF MEDICINE NEC/NOS,20071025
E948,ADV EFF BACTERIA VACCINE,20071025
E949,ADV EFF VACCINES NEC,20071025
E950,SUIC/SELF-POIS W SOL/LIQ,20071025
E951,SUICIDE-UTILITY GAS,20071025
E952,SUICIDE-GAS/VAPOR NEC,20071025
E953,SUICIDE-STRANGUL/SUFFOC,20071025
E955,SUICIDE-FIREARM/EXPLOSIV,20071025
E957,SUIC-JUMP FROM HI PLACE,20071025
E958,SUICIDE/SELF-INJ NEC/NOS,20071025
E960,"FIGHT, BRAWL, RAPE",20071025
E962,ASSAULT-POISONING,20071025
E965,ASSAULT-FIREARM/EXPLOSIV,20071025
E967,CHILD AND ADULT BATTERING AND OTHER MALTREATMENT,20071025
E968,ASSAULT NEC & NOS,20071025
E980,UNDETERM POIS-SOL/LIQUID,20071025
E981,UNDETER POIS-UTILITY GAS,20071025
E982,UNDETERM POISON-GAS NEC,20071025
E983,UNDETERM CIRC-SUFFOCATN,20071025
E985,UNDET CIRC-FIREARM/EXPL,20071025
E987,UNDET CIRC-FALL HI PLACE,20071025
E988,UNDETERMINED CIRCUM NEC,20071025
Diagnosis Code,Diagnosis_Description,"Last Change Date"
E991,WAR INJ:BULLETS/FRAGM,20071025
E997,WAR INJ-UNCONVEN WAR NEC,20071025
E999,LATE EFF OF WAR INJURY,20071025
STI00,STATE INSTITUTION DIAGNOSIS,20071025
V01,COMMUNICABLE DIS CONTACT,20071025
V017,VIRAL DIS CONTACT NEC,20071025
V018,COMMUNIC DIS CONTACT NEC,20071025
V02,INFECTIOUS DIS CARRIER,20071025
V025,BACTERIA DIS CARRIER NEC,20071025
V026,VIRAL HEPATITIS CARRIER,20071025
V03,VACCIN FOR BACTERIAL DIS,20071025
V038,VACCIN FOR BACT DIS NEC,20071025
V04,VACCIN FOR VIRAL DISEASE,20071025
V048,VACCIN FOR INFLUENZA,20071025
V05,OTH VACCIN FOR SINGL DIS,20071025
V06,VAC FOR DIS COMBINATION,20071025
V07,PROPHYLACTIC MEASURES,20071025
V073,PROPHYL CHEMOTHERAPY NEC,20071025
V09,INFECTION W/ DRUG-RESISTANT MICROORGANISMS,20071025
V095,INFECTION W MICROORGANISMS RESISTANT TO QUINOLONES & FLUOROQUINOLONES,20071025
V097,INFECT W MICROORGANISMS RESISTANT TO OTHER SPEC ANTIMYCOBACT AGENTS,20071025
V098,INFECTION W MICROORGANISMS RESISTANT TO OTHER SPECIFIED DRUGS,20071025
V099,"INFECTION W DRUG-RESISTANT MICROORGANISMS, UNSPEC",20071025
V100,HX OF GI MALIGNANCY,20071025
V101,HX-TRACH/BRONCHOGEN MALG,20071025
V102,HX-OTH INTRATHORACIC MAL,20071025
V104,HX-GENITAL MALIGNANCY,20071025
V105,HX OF URINARY MALIGNANCY,20071025
V106,HX OF LEUKEMIA,20071025
V107,HX-OTH LYMPHATIC MALIGN,20071025
V108,HX-MALIGNANCY SITE NEC,20071025
V11,HX OF MENTAL DISORDER,20071025
V12,HX OF DISEASE NEC,20071025
V124,HX-NERV SYS/SENS ORG DIS,20071025
V125,HX-CIRCULATORY SYS DIS,20071025
V126,HX-RESPIRATORY SYS DIS,20071025
V127,HX OF GI DISEASE,20071025
V13,HX OF OTHER DISEASES,20071025
V130,HX-URINARY SYSTEM DISORD,20071025
V132,HX-GENITAL/OBSTETRIC DIS,20071025
V136,HX-CONGENITAL MALFORM,20071025
V14,HX OF DRUG ALLERGY,20071025
Diagnosis Code,Diagnosis_Description,"Last Change Date"
V150,HX OF ALLERGY NEC,20071025
V154,HX-PSYCHOLOGICAL TRAUMA,20071025
V158,HX-OTHER HEALTH HAZARDS,20071025
V16,FAMILY HX-MALIGNANCY,20071025
V164,FAMILY HX-GENITAL MALIG,20071025
V165,FAMILY HX-URINARY MALIG,20071025
V17,FAM HX-CHR DISABLING DIS,20071025
V178,FAM HX-MUSCLOSKL DIS NEC,20071025
V18,FAM HX-OTH SPECIF COND,20071025
V185,FAMILY HX-GI DISORDERS,20071025
V186,FAMILY HX-KIDNEY DISEASE,20071025
V19,FAM HX-OTHER CONDITIONS,20071025
V20,HEALTH SUPERVISION INFANT/CHILD,20071025
V21,CONSTITUT STATE IN DEVEL,20071025
V213,LOW BIRTH WEIGHT STATUS,20071025
V22,NORMAL PREGNANCY,20071025
V23,SUPERVIS HIGH-RISK PREG,20071025
V234,PREG W POOR OBSTETRIC HX,20071025
V238,SUPRV HIGH-RISK PREG NEC,20071025
V24,POSTPARTUM CARE/EXAM,20071025
V25,CONTRACEPTIVE MANAGEMENT,20071025
V250,CONTRACEP MGMT-COUNSEL,20071025
V254,CONTRACEPT SURVEILLANCE,20071025
V26,PROCREATIVE MANAGEMENT,20071025
V262,PROCREATIVE MGMT-INVEST,20071025
V263,GENETIC COUNSELING,20071025
V265,STERILIZATION STATUS (S/P STERILIZATION),20071025
V27,OUTCOME OF DELIVERY,20071025
V28,ANTENATAL SCREENING,20071025
V29,OBSERV/EVAL NEWBORN SUSPECTED OF CONDITION NOT FOUND,20071025
V30,SINGLE LIVEBORN,20071025
V300,SINGLE LIVEBORN-BORN IN HOSPITAL,20071025
V301,SINGLE LIVEBORN-BORN BEFORE ADMISSION TO THE HOSPITAL,20071025
V31,"TWIN, MATE LIVEBORN",20071025
V310,"TWIN, MATE LB-IN HOSP",20071025
V32,"TWIN, MATE STILLBORN",20071025
V320,"TWIN, MATE SB-IN HOSP",20071025
V33,TWIN NOS,20071025
V330,TWIN NOS-IN HOSPITAL,20071025
V34,"OTH MULT BIRTH, ALL LIVE",20071025
V340,OTH MULTIPLE LB-IN HOSP,20071025
V35,"OTH MULT BIRTH, ALL SB",20071025
Diagnosis Code,Diagnosis_Description,"Last Change Date"
V563,ENCOUNTER FOR ADEQUACY TESTING FOR DIALYSIS,20071025
V57,REHABILITATION PROCEDURE,20071025
V578,OTH REHABILITATION PROC,20071025
V58,ENCOUNTR PROC/AFTRCR NEC,20071025
V581,CHEMOTHERAPY ENCOUNTER,20071025
V583,ATTEN-SURG DRESSNG/SUTUR,20071025
V584,POSTSURG AFTERCARE NEC,20071025
V586,LONG-TERM (CURRENT) DRUG USE,20071025
V588,OTHER SPECIFIED PROCEDURES AND AFTERCARE,20071025
V59,DONOR,20071025
V590,BLOOD DONOR,20071025
V60,HOUSEHOLD CIRCUMSTANCES,20070809
V61,OTH FAMILY CIRCUMSTANCES,20070809
V611,COUNSELING FOR MARITAL AND PARTNER PROBLEMS,20070809
V612,PARENT-CHILD PROBLEMS,20070809
V614,HEALTH PROBLEM IN FAMILY,20070809
V62,OTH PSYCHOSOCIAL CIRCUM,20070809
V628,OTH PSYCHOLOGICAL STRESS,20070809
V63,NO MED FACILITY FOR CARE,20070809
V64,PROCEDURES NOT DONE,20071025
V640,NO VACCIN/CONTRAINDICAT,20071025
V644,LAPARASCOPIC SURGICAL PROCEDURE CONVERTED TO OPEN PROCEDURE,20071025
V65,OTHER REASON FOR CONSULT,20071025
V651,PERSON CONSULT FOR ANOTH,20071025
V654,COUNSELING NEC,20071025
V66,CONVALESCENCE AND PALLIATIVE CARE,20071025
V67,FOLLOW-UP EXAMINATION,20071025
V670,SURGERY FOLLOW-UP,20071025
V675,TREATMENT FOLLOW-UP NEC,20071025
V68,ADMINISTRATIVE ENCOUNTER,20071025
V688,OTH ADMINISTRTVE ENCOUNT,20071025
V69,PROBLEMS RELATED TO LIFESTYLE,20070809
V70,GENERAL MEDICAL EXAM,20071025
V71,OBSERV/EVAL-SUSPECTED CONDITIONS NOT FOUND,20071025
V710,OBSERVATION-MENTAL COND,20071025
V718,OBSERV-SUSPECT COND NEC,20071025
V721,EAR & HEARING EXAM,20071025
V723,GYNECOLOGIC EXAMINATION,20071025
V724,PREG EXAM-PREG UNCONFIRM,20071025
V728,EXAMINATION NEC,20071025
V73,SPECIAL SCREENING EXAM FOR VIRAL & CHLAMYDIAL DIS,20071025
V738,VIRAL/CHLAMYD SCREEN NEC,20071025
Diagnosis Code,Diagnosis_Description,"Last Change Date"
V74,SCREENING-BACTERIAL DIS,20071025
V75,SCREEN-OTH INFECTIVE DIS,20071025
V76,SCREENING-MALIG NEOPLASM,20071025
V761,SCREEN MAL NEOP-BREAST,20071025
V764,SCREEN MAL NEOP-OTH SITE,20071025
V765,SPECIAL SCREENING FOR MALIGNANT NEOPLASM OF INTESTINE,20071025
V768,SCREEN-NEOPLASM NEC,20071025
V77,SCREEN-ENDO/NUTR/METAB,20071025
V779,SCREEN-ENDOC/NUT/MET NEC,20071025
V78,SCREENING FOR BLOOD DIS,20071025
V79,SCREENING-MENTAL DISORD,20071025
V80,SCREEN-NEURO/EYE/EAR DIS,20071025
V81,SCREEN-HEART/RESP/GU DIS,20071025
V82,SCREEN-OTHER CONDITIONS,20071025
V828,SCREEN FOR CONDITION NEC,20071025
V83,GENETIC CARRIER STATUS,20071025
V830,HEMOPHILIA A CARRIER,20071025
Y3600,ABORTION OF PREGNANCY RESULTING FROM INCEST,20071025
Y3800,ABORTION-LIFE THREATENING (MOTHER'S LIFE IN DANGER),20071025
Y3900,ABORTION OF PREGNANCY RESULTING FROM RAPE,20071025
Y4400,MEDICARE-MEDICAID UNSPECIFIED,20071025
